SPAC1002.01	viable
SPAC1002.02	viable
SPAC1002.03c	viable
SPAC1002.04c	inviable
SPAC1002.05c	viable
SPAC1002.06c	viable
SPAC1002.07c	viable
SPAC1002.08c	inviable
SPAC1002.09c	inviable
SPAC1002.10c	inviable
SPAC1002.11	inviable
SPAC1002.12c	viable
SPAC1002.13c	inviable
SPAC1002.14	viable
SPAC1002.15c	viable
SPAC1002.16c	inviable
SPAC1002.17c	viable
SPAC1002.18	viable
SPAC1002.19	viable
SPAC1002.20	viable
SPAC1006.01	viable
SPAC1006.02	inviable
SPAC1006.03c	viable
SPAC1006.04c	viable
SPAC1006.05c	viable
SPAC1006.06	viable
SPAC1006.07	inviable
SPAC1006.08	inviable
SPAC1006.09	viable
SPAC1039.01	viable
SPAC1039.02	viable
SPAC1039.03	viable
SPAC1039.04	viable
SPAC1039.05c	viable
SPAC1039.06	viable
SPAC1039.07c	viable
SPAC1039.08	viable
SPAC1039.09	viable
SPAC1039.10	viable
SPAC1039.11c	viable
SPAC105.01c	viable
SPAC105.02c	viable
SPAC105.03c	viable
SPAC1071.01c	inviable
SPAC1071.02	viable
SPAC1071.03c	viable
SPAC1071.04c	viable
SPAC1071.05	viable
SPAC1071.06	viable
SPAC1071.07c	viable
SPAC1071.08	viable
SPAC1071.09c	viable
SPAC1071.10c	inviable
SPAC1071.11	viable
SPAC1071.12c	viable
SPAC1093.01	viable
SPAC1093.02	viable
SPAC1093.03	viable
SPAC1093.04c	inviable
SPAC1093.05	inviable
SPAC1093.06c	viable
SPAC10F6.01c	viable
SPAC10F6.02c	inviable
SPAC10F6.03c	inviable
SPAC10F6.04	viable
SPAC10F6.05c	viable
SPAC10F6.06	viable
SPAC10F6.07c	viable
SPAC10F6.08c	viable
SPAC10F6.09c	condition-dependent
SPAC10F6.10	inviable
SPAC10F6.11c	viable
SPAC10F6.12c	viable
SPAC10F6.13c	viable
SPAC10F6.14c	viable
SPAC10F6.15	viable
SPAC10F6.16	viable
SPAC10F6.17c	viable
SPAC110.01	viable
SPAC110.02	viable
SPAC110.03	inviable
SPAC110.04c	condition-dependent
SPAC1142.01	viable
SPAC1142.02c	viable
SPAC1142.03c	viable
SPAC1142.04	inviable
SPAC1142.05	viable
SPAC1142.06	viable
SPAC1142.07c	viable
SPAC1142.08	viable
SPAC11D3.01c	viable
SPAC11D3.02c	viable
SPAC11D3.03c	viable
SPAC11D3.04c	viable
SPAC11D3.05	viable
SPAC11D3.06	viable
SPAC11D3.07c	viable
SPAC11D3.08c	viable
SPAC11D3.09	viable
SPAC11D3.10	viable
SPAC11D3.13	viable
SPAC11D3.14c	viable
SPAC11D3.15	viable
SPAC11D3.16c	viable
SPAC11D3.17	viable
SPAC11D3.18c	viable
SPAC11E3.01c	viable
SPAC11E3.02c	inviable
SPAC11E3.03	viable
SPAC11E3.04c	viable
SPAC11E3.05	viable
SPAC11E3.06	viable
SPAC11E3.07	inviable
SPAC11E3.08c	viable
SPAC11E3.09	viable
SPAC11E3.10	viable
SPAC11E3.11c	viable
SPAC11E3.12	viable
SPAC11E3.13c	viable
SPAC11E3.14	viable
SPAC11E3.15	viable
SPAC11G7.01	viable
SPAC11G7.02	viable
SPAC11G7.03	viable
SPAC11G7.04	viable
SPAC11G7.05c	viable
SPAC11G7.06c	viable
SPAC11H11.01	viable
SPAC11H11.02c	viable
SPAC11H11.03c	viable
SPAC11H11.04	viable
SPAC11H11.05c	viable
SPAC11H11.06	inviable
SPAC1250.01	inviable
SPAC1250.02	viable
SPAC1250.03	viable
SPAC1250.04c	viable
SPAC1250.05	viable
SPAC1250.07	inviable
SPAC1296.01c	viable
SPAC1296.02	viable
SPAC1296.03c	viable
SPAC1296.04	viable
SPAC1296.05c	viable
SPAC1296.06	viable
SPAC12B10.01c	viable
SPAC12B10.02c	inviable
SPAC12B10.03	viable
SPAC12B10.04	viable
SPAC12B10.05	viable
SPAC12B10.06c	viable
SPAC12B10.07	viable
SPAC12B10.08c	inviable
SPAC12B10.09	viable
SPAC12B10.10	viable
SPAC12B10.11	viable
SPAC12B10.12c	viable
SPAC12B10.13	viable
SPAC12B10.14c	viable
SPAC12B10.15c	viable
SPAC12B10.16c	viable
SPAC12G12.01c	viable
SPAC12G12.02	inviable
SPAC12G12.03	viable
SPAC12G12.04	inviable
SPAC12G12.05c	inviable
SPAC12G12.06c	inviable
SPAC12G12.07c	viable
SPAC12G12.08	inviable
SPAC12G12.09	viable
SPAC12G12.10	viable
SPAC12G12.11c	viable
SPAC12G12.12	viable
SPAC12G12.13c	viable
SPAC12G12.14c	inviable
SPAC12G12.15	viable
SPAC12G12.16c	viable
SPAC1327.01c	viable
SPAC139.01c	viable
SPAC139.02c	viable
SPAC139.03	viable
SPAC139.04c	viable
SPAC139.05	viable
SPAC139.06	viable
SPAC1399.01c	viable
SPAC1399.02	viable
SPAC1399.03	viable
SPAC1399.04c	viable
SPAC1399.05c	viable
SPAC13A11.01c	viable
SPAC13A11.02c	inviable
SPAC13A11.03	viable
SPAC13A11.04c	viable
SPAC13A11.05	viable
SPAC13A11.06	viable
SPAC13C5.01c	viable
SPAC13C5.02	viable
SPAC13C5.03	viable
SPAC13C5.04	viable
SPAC13C5.05c	viable
SPAC13C5.06c	viable
SPAC13C5.07	viable
SPAC13D6.01	viable
SPAC13D6.02c	viable
SPAC13D6.03c	viable
SPAC13D6.04c	viable
SPAC13D6.05	inviable
SPAC13F5.01c	viable
SPAC13F5.02c	inviable
SPAC13F5.03c	viable
SPAC13F5.04c	viable
SPAC13F5.05	viable
SPAC13F5.06c	inviable
SPAC13F5.07c	viable
SPAC13G6.01c	viable
SPAC13G6.02c	viable
SPAC13G6.03	viable
SPAC13G6.04	viable
SPAC13G6.05c	inviable
SPAC13G6.06c	viable
SPAC13G6.07c	viable
SPAC13G6.08	viable
SPAC13G6.09	viable
SPAC13G6.10c	viable
SPAC13G6.11c	inviable
SPAC13G6.12c	viable
SPAC13G6.13	viable
SPAC13G6.14	viable
SPAC13G6.15c	viable
SPAC13G7.01c	inviable
SPAC13G7.02c	viable
SPAC13G7.03	viable
SPAC13G7.04c	viable
SPAC13G7.05	viable
SPAC13G7.06	viable
SPAC13G7.07	viable
SPAC13G7.08c	inviable
SPAC13G7.09c	viable
SPAC13G7.10	inviable
SPAC13G7.11	viable
SPAC13G7.12c	viable
SPAC13G7.13c	viable
SPAC140.01	viable
SPAC140.02	viable
SPAC140.03	viable
SPAC140.04	viable
SPAC1420.01c	viable
SPAC1420.02c	inviable
SPAC1420.03	viable
SPAC1420.04c	viable
SPAC144.01	viable
SPAC144.02	viable
SPAC144.03	viable
SPAC144.04c	viable
SPAC144.05	viable
SPAC144.06	viable
SPAC144.07c	inviable
SPAC144.08	inviable
SPAC144.09c	inviable
SPAC144.10c	inviable
SPAC144.11	viable
SPAC144.12	inviable
SPAC144.13c	viable
SPAC144.14	viable
SPAC144.15c	inviable
SPAC144.16	inviable
SPAC144.17c	viable
SPAC144.18	inviable
SPAC1486.01	viable
SPAC1486.02c	viable
SPAC1486.03c	inviable
SPAC1486.04c	viable
SPAC1486.05	inviable
SPAC1486.06	inviable
SPAC1486.07c	inviable
SPAC1486.08	viable
SPAC1486.09	inviable
SPAC1486.10	viable
SPAC14C4.01c	viable
SPAC14C4.02c	inviable
SPAC14C4.03	viable
SPAC14C4.04	viable
SPAC14C4.05c	viable
SPAC14C4.06c	viable
SPAC14C4.07	viable
SPAC14C4.08	viable
SPAC14C4.09	viable
SPAC14C4.10c	viable
SPAC14C4.11	viable
SPAC14C4.12c	viable
SPAC14C4.13	viable
SPAC14C4.14	viable
SPAC14C4.15c	viable
SPAC14C4.16	viable
SPAC1527.01	viable
SPAC1527.02	viable
SPAC1527.03	viable
SPAC1556.01c	viable
SPAC1556.02c	viable
SPAC1556.03	viable
SPAC1556.04c	viable
SPAC1556.05c	viable
SPAC1556.06	viable
SPAC1556.07	inviable
SPAC1556.08c	viable
SPAC1565.01	viable
SPAC1565.02c	viable
SPAC1565.03	viable
SPAC1565.04c	viable
SPAC1565.05	inviable
SPAC1565.06c	inviable
SPAC1565.07c	viable
SPAC1565.08	inviable
SPAC15A10.01	condition-dependent
SPAC15A10.02	inviable
SPAC15A10.03c	viable
SPAC15A10.04c	inviable
SPAC15A10.05c	viable
SPAC15A10.06	viable
SPAC15A10.07	viable
SPAC15A10.08	viable
SPAC15A10.09c	viable
SPAC15A10.10	viable
SPAC15A10.11	viable
SPAC15A10.12c	inviable
SPAC15A10.13	viable
SPAC15A10.15	viable
SPAC15A10.16	viable
SPAC15E1.02c	viable
SPAC15E1.03	viable
SPAC15E1.04	viable
SPAC15E1.05c	viable
SPAC15E1.06	viable
SPAC15E1.07c	viable
SPAC15E1.08	inviable
SPAC15E1.09	viable
SPAC15E1.10	viable
SPAC15F9.01c	viable
SPAC15F9.02	viable
SPAC15F9.03c	inviable
SPAC16.01	viable
SPAC16.02c	inviable
SPAC16.03c	viable
SPAC16.04	viable
SPAC16.05c	viable
SPAC1610.01	viable
SPAC1610.02c	viable
SPAC1610.03c	viable
SPAC1610.04	viable
SPAC1635.01	viable
SPAC1639.01c	viable
SPAC1639.02c	viable
SPAC167.01	viable
SPAC167.02	inviable
SPAC167.03c	inviable
SPAC167.04	viable
SPAC167.05	viable
SPAC167.06c	viable
SPAC167.07c	viable
SPAC1687.01	inviable
SPAC1687.02	inviable
SPAC1687.03c	inviable
SPAC1687.04	inviable
SPAC1687.05	viable
SPAC1687.06c	viable
SPAC1687.07	viable
SPAC1687.08	viable
SPAC1687.09	viable
SPAC1687.10	viable
SPAC1687.11	inviable
SPAC1687.12c	viable
SPAC1687.13c	viable
SPAC1687.14c	viable
SPAC1687.15	viable
SPAC1687.16c	viable
SPAC1687.17c	viable
SPAC1687.18c	inviable
SPAC1687.19c	viable
SPAC1687.20c	inviable
SPAC1687.21	viable
SPAC1687.22c	viable
SPAC1687.23c	viable
SPAC16A10.01	viable
SPAC16A10.02	viable
SPAC16A10.03c	viable
SPAC16A10.04	viable
SPAC16A10.05c	viable
SPAC16A10.06c	inviable
SPAC16A10.07c	viable
SPAC16C9.01c	viable
SPAC16C9.02c	viable
SPAC16C9.03	inviable
SPAC16C9.04c	viable
SPAC16C9.05	viable
SPAC16C9.06c	viable
SPAC16C9.07	viable
SPAC16E8.01	viable
SPAC16E8.02	inviable
SPAC16E8.03	inviable
SPAC16E8.04c	inviable
SPAC16E8.05c	viable
SPAC16E8.06c	viable
SPAC16E8.07c	inviable
SPAC16E8.08	viable
SPAC16E8.09	viable
SPAC16E8.10c	inviable
SPAC16E8.11c	inviable
SPAC16E8.12c	viable
SPAC16E8.13	viable
SPAC16E8.14c	viable
SPAC16E8.15	inviable
SPAC16E8.16	inviable
SPAC16E8.17c	viable
SPAC16E8.18	viable
SPAC1705.02	viable
SPAC1705.03c	viable
SPAC1751.01c	viable
SPAC1751.02c	inviable
SPAC1751.03	inviable
SPAC1751.04	viable
SPAC1782.01	viable
SPAC1782.02c	viable
SPAC1782.03	inviable
SPAC1782.04	viable
SPAC1782.05	viable
SPAC1782.06c	viable
SPAC1782.07	viable
SPAC1782.08c	viable
SPAC1782.09c	viable
SPAC1782.10c	inviable
SPAC1782.11	viable
SPAC1782.12c	viable
SPAC1783.01	viable
SPAC1783.02c	viable
SPAC1783.03	inviable
SPAC1783.04c	viable
SPAC1783.05	viable
SPAC1783.06c	viable
SPAC1783.07c	viable
SPAC1783.08c	viable
SPAC1786.01c	viable
SPAC1786.02	viable
SPAC1786.03	inviable
SPAC1786.04	viable
SPAC17A2.01	viable
SPAC17A2.02c	viable
SPAC17A2.03c	inviable
SPAC17A2.04c	inviable
SPAC17A2.05	viable
SPAC17A2.06c	viable
SPAC17A2.07c	viable
SPAC17A2.08c	condition-dependent
SPAC17A2.09c	viable
SPAC17A2.10c	viable
SPAC17A2.11	viable
SPAC17A2.12	viable
SPAC17A2.13c	viable
SPAC17A2.14	viable
SPAC17A5.01	viable
SPAC17A5.02c	viable
SPAC17A5.03	inviable
SPAC17A5.04c	viable
SPAC17A5.05c	viable
SPAC17A5.06	inviable
SPAC17A5.07c	viable
SPAC17A5.08	viable
SPAC17A5.09c	viable
SPAC17A5.10	viable
SPAC17A5.11	viable
SPAC17A5.12	inviable
SPAC17A5.13	inviable
SPAC17A5.14	viable
SPAC17A5.15c	inviable
SPAC17A5.16	viable
SPAC17A5.18c	viable
SPAC17C9.01c	inviable
SPAC17C9.02c	condition-dependent
SPAC17C9.03	inviable
SPAC17C9.05c	viable
SPAC17C9.06	inviable
SPAC17C9.07	viable
SPAC17C9.08	viable
SPAC17C9.09c	viable
SPAC17C9.10	viable
SPAC17C9.11c	viable
SPAC17C9.12	viable
SPAC17C9.13c	condition-dependent
SPAC17C9.14	viable
SPAC17C9.15c	viable
SPAC17C9.16c	viable
SPAC17D4.01	viable
SPAC17D4.02	inviable
SPAC17D4.03c	viable
SPAC17D4.04	viable
SPAC17G6.02c	viable
SPAC17G6.03	viable
SPAC17G6.04c	viable
SPAC17G6.05c	viable
SPAC17G6.06	viable
SPAC17G6.07c	inviable
SPAC17G6.08	viable
SPAC17G6.09	inviable
SPAC17G6.10	inviable
SPAC17G6.11c	inviable
SPAC17G6.12	inviable
SPAC17G6.13	viable
SPAC17G6.14c	inviable
SPAC17G6.15c	viable
SPAC17G6.16c	inviable
SPAC17G6.17	viable
SPAC17G8.01c	inviable
SPAC17G8.02	inviable
SPAC17G8.03c	inviable
SPAC17G8.04c	inviable
SPAC17G8.05	viable
SPAC17G8.06c	viable
SPAC17G8.07	viable
SPAC17G8.08c	viable
SPAC17G8.09	viable
SPAC17G8.10c	viable
SPAC17G8.11c	viable
SPAC17G8.12	condition-dependent
SPAC17G8.13c	viable
SPAC17G8.14c	viable
SPAC17G8.15	viable
SPAC17H9.01	viable
SPAC17H9.02	inviable
SPAC17H9.03c	viable
SPAC17H9.04c	viable
SPAC17H9.05	inviable
SPAC17H9.06c	viable
SPAC17H9.07	inviable
SPAC17H9.08	viable
SPAC17H9.09c	viable
SPAC17H9.10c	viable
SPAC17H9.11	viable
SPAC17H9.12c	viable
SPAC17H9.13c	viable
SPAC17H9.14c	viable
SPAC17H9.16	inviable
SPAC17H9.17c	inviable
SPAC17H9.18c	viable
SPAC17H9.19c	viable
SPAC17H9.20	inviable
SPAC1805.01c	viable
SPAC1805.02c	viable
SPAC1805.03c	viable
SPAC1805.04	viable
SPAC1805.05	viable
SPAC1805.06c	viable
SPAC1805.07c	viable
SPAC1805.08	viable
SPAC1805.09c	viable
SPAC1805.10	viable
SPAC1805.11c	viable
SPAC1805.12c	viable
SPAC1805.13	viable
SPAC1805.14	viable
SPAC1805.15c	viable
SPAC1805.16c	viable
SPAC1805.17	inviable
SPAC1834.01	inviable
SPAC1834.02	inviable
SPAC1834.03c	viable
SPAC1834.04	viable
SPAC1834.05	viable
SPAC1834.06c	inviable
SPAC1834.07	viable
SPAC1834.08	viable
SPAC1834.09	viable
SPAC1834.10c	viable
SPAC1834.11c	inviable
SPAC1851.02	viable
SPAC1851.03	viable
SPAC1851.04c	viable
SPAC186.01	viable
SPAC186.02c	viable
SPAC186.03	viable
SPAC186.05c	viable
SPAC186.06	viable
SPAC186.07c	viable
SPAC186.08c	viable
SPAC186.09	viable
SPAC18B11.02c	viable
SPAC18B11.03c	viable
SPAC18B11.04	viable
SPAC18B11.05	inviable
SPAC18B11.06	inviable
SPAC18B11.07c	viable
SPAC18B11.08c	viable
SPAC18B11.09c	viable
SPAC18B11.10	viable
SPAC18B11.11	inviable
SPAC18G6.01c	viable
SPAC18G6.02c	viable
SPAC18G6.03	inviable
SPAC18G6.04c	viable
SPAC18G6.05c	viable
SPAC18G6.06	inviable
SPAC18G6.07c	inviable
SPAC18G6.09c	viable
SPAC18G6.10	viable
SPAC18G6.11c	inviable
SPAC18G6.12c	viable
SPAC18G6.13	viable
SPAC18G6.14c	inviable
SPAC18G6.15	viable
SPAC1952.01	inviable
SPAC1952.02	viable
SPAC1952.03	viable
SPAC1952.05	viable
SPAC1952.06c	viable
SPAC1952.07	viable
SPAC1952.08c	viable
SPAC1952.09c	viable
SPAC1952.10c	viable
SPAC1952.11c	condition-dependent
SPAC1952.12c	viable
SPAC1952.13	inviable
SPAC1952.14c	inviable
SPAC1952.15c	viable
SPAC1952.16	viable
SPAC1952.17c	viable
SPAC19A8.01c	viable
SPAC19A8.02	viable
SPAC19A8.03	viable
SPAC19A8.04	viable
SPAC19A8.05c	viable
SPAC19A8.06	inviable
SPAC19A8.07c	inviable
SPAC19A8.08	viable
SPAC19A8.09	inviable
SPAC19A8.10	viable
SPAC19A8.11c	viable
SPAC19A8.12	inviable
SPAC19A8.13	inviable
SPAC19A8.14	viable
SPAC19A8.15	inviable
SPAC19B12.01	inviable
SPAC19B12.02c	condition-dependent
SPAC19B12.03	inviable
SPAC19B12.04	viable
SPAC19B12.05c	inviable
SPAC19B12.06c	viable
SPAC19B12.07c	viable
SPAC19B12.08	viable
SPAC19B12.10	viable
SPAC19B12.11c	viable
SPAC19B12.12c	viable
SPAC19B12.13	viable
SPAC19D5.01	viable
SPAC19D5.02c	viable
SPAC19D5.03	viable
SPAC19D5.04	inviable
SPAC19D5.05c	inviable
SPAC19D5.06c	viable
SPAC19D5.07	viable
SPAC19D5.11c	viable
SPAC19E9.01c	viable
SPAC19E9.02	viable
SPAC19E9.03	viable
SPAC19G12.01c	inviable
SPAC19G12.02c	viable
SPAC19G12.03	viable
SPAC19G12.04	viable
SPAC19G12.05	viable
SPAC19G12.06c	viable
SPAC19G12.07c	inviable
SPAC19G12.08	viable
SPAC19G12.09	viable
SPAC19G12.10c	viable
SPAC19G12.11	viable
SPAC19G12.12	viable
SPAC19G12.13c	viable
SPAC19G12.14	inviable
SPAC19G12.15c	viable
SPAC19G12.16c	viable
SPAC19G12.17	viable
SPAC1A6.01c	viable
SPAC1A6.02	inviable
SPAC1A6.03c	viable
SPAC1A6.04c	viable
SPAC1A6.05c	viable
SPAC1A6.06c	viable
SPAC1A6.07	viable
SPAC1A6.08c	viable
SPAC1A6.09c	viable
SPAC1A6.10	viable
SPAC1B1.01	inviable
SPAC1B1.02c	viable
SPAC1B1.03c	inviable
SPAC1B1.04c	viable
SPAC1B2.02c	viable
SPAC1B2.03c	viable
SPAC1B2.04	viable
SPAC1B2.05	inviable
SPAC1B3.01c	viable
SPAC1B3.02c	viable
SPAC1B3.03c	condition-dependent
SPAC1B3.04c	viable
SPAC1B3.05	viable
SPAC1B3.06c	viable
SPAC1B3.07c	viable
SPAC1B3.08	viable
SPAC1B3.09c	inviable
SPAC1B3.10c	viable
SPAC1B3.11c	viable
SPAC1B3.12c	inviable
SPAC1B3.13	inviable
SPAC1B3.14	condition-dependent
SPAC1B3.15c	viable
SPAC1B3.16c	condition-dependent
SPAC1B3.17	viable
SPAC1B3.18c	inviable
SPAC1B3.20	viable
SPAC1B9.02c	viable
SPAC1B9.03c	inviable
SPAC1D4.01	viable
SPAC1D4.02c	viable
SPAC1D4.03c	viable
SPAC1D4.04	inviable
SPAC1D4.05c	viable
SPAC1D4.06c	viable
SPAC1D4.08	inviable
SPAC1D4.09c	viable
SPAC1D4.10	inviable
SPAC1D4.11c	viable
SPAC1D4.12	inviable
SPAC1D4.13	viable
SPAC1D4.14	inviable
SPAC1F12.02c	viable
SPAC1F12.04c	viable
SPAC1F12.05	viable
SPAC1F12.06c	viable
SPAC1F12.07	viable
SPAC1F12.08	inviable
SPAC1F12.09	inviable
SPAC1F12.10c	viable
SPAC1F3.02c	viable
SPAC1F3.03	viable
SPAC1F3.04c	viable
SPAC1F3.05	viable
SPAC1F3.06c	viable
SPAC1F3.07c	viable
SPAC1F3.09	viable
SPAC1F3.10c	viable
SPAC1F5.02	inviable
SPAC1F5.03c	viable
SPAC1F5.04c	inviable
SPAC1F5.05c	condition-dependent
SPAC1F5.06	inviable
SPAC1F5.07c	viable
SPAC1F5.08c	viable
SPAC1F5.09c	viable
SPAC1F5.10	viable
SPAC1F5.11c	inviable
SPAC1F7.01c	viable
SPAC1F7.02c	inviable
SPAC1F7.03	inviable
SPAC1F7.04	condition-dependent
SPAC1F7.05	inviable
SPAC1F7.06	viable
SPAC1F7.07c	viable
SPAC1F7.08	viable
SPAC1F7.09c	viable
SPAC1F7.10	viable
SPAC1F7.11c	viable
SPAC1F7.12	viable
SPAC1F7.13c	viable
SPAC1F7.14c	inviable
SPAC1F8.01	viable
SPAC1F8.02c	viable
SPAC1F8.03c	viable
SPAC1F8.04c	viable
SPAC1F8.05	viable
SPAC1F8.06	viable
SPAC1F8.07c	inviable
SPAC1F8.08	viable
SPAC20G4.01	viable
SPAC20G4.02c	viable
SPAC20G4.03c	viable
SPAC20G4.04c	viable
SPAC20G4.05c	viable
SPAC20G4.06c	inviable
SPAC20G4.07c	viable
SPAC20G4.08	viable
SPAC20G8.01	inviable
SPAC20G8.02	viable
SPAC20G8.03	inviable
SPAC20G8.04c	viable
SPAC20G8.05c	inviable
SPAC20G8.06	inviable
SPAC20G8.07c	viable
SPAC20G8.08c	viable
SPAC20G8.09c	condition-dependent
SPAC20G8.10c	viable
SPAC20H4.01	inviable
SPAC20H4.02	viable
SPAC20H4.03c	viable
SPAC20H4.04	viable
SPAC20H4.05c	viable
SPAC20H4.06c	viable
SPAC20H4.07	viable
SPAC20H4.08	viable
SPAC20H4.09	viable
SPAC20H4.10	viable
SPAC20H4.11c	viable
SPAC212.01c	viable
SPAC212.02	viable
SPAC212.03	viable
SPAC212.04c	viable
SPAC212.08c	viable
SPAC212.11	viable
SPAC21E11.03c	viable
SPAC21E11.04	viable
SPAC21E11.05c	viable
SPAC21E11.06	inviable
SPAC21E11.07	inviable
SPAC21E11.08	inviable
SPAC222.03c	inviable
SPAC222.04c	viable
SPAC222.05c	viable
SPAC222.06	inviable
SPAC222.07c	viable
SPAC222.08c	viable
SPAC222.09	inviable
SPAC222.10c	inviable
SPAC222.11	inviable
SPAC222.12c	viable
SPAC222.13c	viable
SPAC222.14c	viable
SPAC222.15	viable
SPAC222.16c	viable
SPAC227.01c	viable
SPAC227.02c	inviable
SPAC227.03c	viable
SPAC227.04	viable
SPAC227.05	viable
SPAC227.06	viable
SPAC227.07c	viable
SPAC227.08c	inviable
SPAC227.09	inviable
SPAC227.10	viable
SPAC227.11c	viable
SPAC227.12	inviable
SPAC227.13c	viable
SPAC227.14	viable
SPAC227.15	viable
SPAC227.16c	inviable
SPAC227.17c	viable
SPAC227.18	viable
SPAC22A12.01c	viable
SPAC22A12.02c	viable
SPAC22A12.03c	viable
SPAC22A12.04c	viable
SPAC22A12.05	inviable
SPAC22A12.06c	viable
SPAC22A12.07c	viable
SPAC22A12.08c	inviable
SPAC22A12.09c	inviable
SPAC22A12.10	viable
SPAC22A12.11	viable
SPAC22A12.12c	inviable
SPAC22A12.13	inviable
SPAC22A12.14c	viable
SPAC22A12.15c	inviable
SPAC22A12.16	viable
SPAC22A12.17c	viable
SPAC22E12.01	viable
SPAC22E12.02	inviable
SPAC22E12.03c	viable
SPAC22E12.04	viable
SPAC22E12.05c	viable
SPAC22E12.06c	viable
SPAC22E12.07	inviable
SPAC22E12.08	inviable
SPAC22E12.09c	inviable
SPAC22E12.10c	inviable
SPAC22E12.11c	viable
SPAC22E12.13c	inviable
SPAC22E12.14c	viable
SPAC22E12.16c	inviable
SPAC22E12.17c	inviable
SPAC22E12.18	viable
SPAC22E12.19	viable
SPAC22F3.02	viable
SPAC22F3.03c	viable
SPAC22F3.04	viable
SPAC22F3.05c	inviable
SPAC22F3.06c	viable
SPAC22F3.07c	viable
SPAC22F3.08c	viable
SPAC22F3.09c	viable
SPAC22F3.10c	viable
SPAC22F3.11c	viable
SPAC22F3.12c	viable
SPAC22F3.13	viable
SPAC22F8.02c	viable
SPAC22F8.03c	viable
SPAC22F8.04	viable
SPAC22F8.05	viable
SPAC22F8.06	inviable
SPAC22F8.07c	viable
SPAC22F8.08	inviable
SPAC22F8.09	viable
SPAC22F8.10c	inviable
SPAC22F8.11	condition-dependent
SPAC22F8.12c	viable
SPAC22G7.01c	viable
SPAC22G7.02	condition-dependent
SPAC22G7.03	viable
SPAC22G7.04	viable
SPAC22G7.05	viable
SPAC22G7.06c	viable
SPAC22G7.07c	viable
SPAC22G7.08	viable
SPAC22G7.09c	inviable
SPAC22G7.10	inviable
SPAC22G7.11c	viable
SPAC22H10.02	viable
SPAC22H10.03c	viable
SPAC22H10.04	viable
SPAC22H10.05c	inviable
SPAC22H10.07	viable
SPAC22H10.08	viable
SPAC22H10.09	viable
SPAC22H10.10	inviable
SPAC22H10.11c	viable
SPAC22H10.12c	inviable
SPAC22H10.13	viable
SPAC22H12.01c	viable
SPAC22H12.02	viable
SPAC22H12.03	viable
SPAC22H12.04c	viable
SPAC22H12.05c	viable
SPAC23A1.02c	viable
SPAC23A1.03	viable
SPAC23A1.04c	viable
SPAC23A1.05	inviable
SPAC23A1.06c	viable
SPAC23A1.07	viable
SPAC23A1.08c	inviable
SPAC23A1.09	viable
SPAC23A1.10	viable
SPAC23A1.11	viable
SPAC23A1.12c	inviable
SPAC23A1.14c	viable
SPAC23A1.15c	viable
SPAC23A1.16c	inviable
SPAC23A1.17	viable
SPAC23A1.18c	inviable
SPAC23A1.19c	condition-dependent
SPAC23C11.01	viable
SPAC23C11.02c	viable
SPAC23C11.03	inviable
SPAC23C11.04c	viable
SPAC23C11.05	inviable
SPAC23C11.06c	viable
SPAC23C11.07	viable
SPAC23C11.08	viable
SPAC23C11.09	inviable
SPAC23C11.10	viable
SPAC23C11.11	inviable
SPAC23C11.12	inviable
SPAC23C11.13c	viable
SPAC23C11.14	viable
SPAC23C11.15	viable
SPAC23C11.16	inviable
SPAC23C11.17	inviable
SPAC23C4.02	viable
SPAC23C4.03	viable
SPAC23C4.04c	viable
SPAC23C4.05c	viable
SPAC23C4.06c	viable
SPAC23C4.07	viable
SPAC23C4.08	condition-dependent
SPAC23C4.09c	viable
SPAC23C4.10	inviable
SPAC23C4.11	viable
SPAC23C4.12	viable
SPAC23C4.13	inviable
SPAC23C4.14	inviable
SPAC23C4.15	inviable
SPAC23C4.16c	viable
SPAC23C4.17	viable
SPAC23C4.18c	inviable
SPAC23C4.19	inviable
SPAC23D3.01	viable
SPAC23D3.02	inviable
SPAC23D3.03c	viable
SPAC23D3.04c	viable
SPAC23D3.06c	inviable
SPAC23D3.07	inviable
SPAC23D3.08	inviable
SPAC23D3.09	viable
SPAC23D3.10c	viable
SPAC23D3.11	viable
SPAC23D3.12	viable
SPAC23D3.13c	viable
SPAC23D3.14c	viable
SPAC23E2.01	viable
SPAC23E2.02	inviable
SPAC23E2.03c	viable
SPAC23G3.01	inviable
SPAC23G3.02c	viable
SPAC23G3.03	viable
SPAC23G3.04	viable
SPAC23G3.05c	viable
SPAC23G3.06	inviable
SPAC23G3.07c	viable
SPAC23G3.08c	viable
SPAC23G3.09	inviable
SPAC23G3.10c	condition-dependent
SPAC23G3.11	inviable
SPAC23G3.12c	viable
SPAC23H3.02c	inviable
SPAC23H3.03c	viable
SPAC23H3.04	viable
SPAC23H3.05c	viable
SPAC23H3.06	viable
SPAC23H3.07c	inviable
SPAC23H3.08c	viable
SPAC23H3.09c	viable
SPAC23H3.10	inviable
SPAC23H3.11c	viable
SPAC23H3.12c	viable
SPAC23H3.13c	viable
SPAC23H3.14	viable
SPAC23H3.15c	condition-dependent
SPAC23H4.01c	viable
SPAC23H4.02	viable
SPAC23H4.03c	inviable
SPAC23H4.04	inviable
SPAC23H4.06	inviable
SPAC23H4.07c	inviable
SPAC23H4.08	viable
SPAC23H4.09	viable
SPAC23H4.10c	viable
SPAC23H4.11c	inviable
SPAC23H4.12	viable
SPAC23H4.14	viable
SPAC23H4.15	inviable
SPAC23H4.16c	viable
SPAC23H4.17c	viable
SPAC23H4.18c	inviable
SPAC24B11.05	viable
SPAC24B11.06c	viable
SPAC24B11.07c	viable
SPAC24B11.08c	viable
SPAC24B11.09	viable
SPAC24B11.10c	viable
SPAC24B11.11c	inviable
SPAC24B11.12c	viable
SPAC24B11.13	viable
SPAC24C9.02c	viable
SPAC24C9.03	inviable
SPAC24C9.04	inviable
SPAC24C9.05c	viable
SPAC24C9.06c	inviable
SPAC24C9.07c	viable
SPAC24C9.08	viable
SPAC24C9.09	inviable
SPAC24C9.10c	inviable
SPAC24C9.11	inviable
SPAC24C9.12c	viable
SPAC24C9.13c	inviable
SPAC24C9.14	viable
SPAC24C9.15c	viable
SPAC24C9.16c	viable
SPAC24H6.01c	inviable
SPAC24H6.02c	viable
SPAC24H6.03	viable
SPAC24H6.04	viable
SPAC24H6.05	inviable
SPAC24H6.06	inviable
SPAC24H6.07	viable
SPAC24H6.08	viable
SPAC24H6.09	viable
SPAC24H6.10c	viable
SPAC24H6.11c	viable
SPAC24H6.12c	inviable
SPAC24H6.13	viable
SPAC25A8.01c	viable
SPAC25A8.02	viable
SPAC25A8.03c	viable
SPAC25B8.01	viable
SPAC25B8.02	inviable
SPAC25B8.03	viable
SPAC25B8.04c	viable
SPAC25B8.05	viable
SPAC25B8.06c	condition-dependent
SPAC25B8.07c	viable
SPAC25B8.08	viable
SPAC25B8.09	viable
SPAC25B8.10	viable
SPAC25B8.11	viable
SPAC25B8.12c	viable
SPAC25B8.13c	viable
SPAC25B8.14	inviable
SPAC25B8.15c	viable
SPAC25B8.16	inviable
SPAC25B8.17	viable
SPAC25B8.18	viable
SPAC25B8.19c	viable
SPAC25G10.01	viable
SPAC25G10.02	viable
SPAC25G10.03	viable
SPAC25G10.04c	viable
SPAC25G10.05c	viable
SPAC25G10.06	viable
SPAC25G10.07c	inviable
SPAC25G10.08	inviable
SPAC25G10.09c	viable
SPAC25H1.02	viable
SPAC25H1.03	viable
SPAC25H1.04	viable
SPAC25H1.05	viable
SPAC25H1.06	viable
SPAC25H1.07	viable
SPAC25H1.08c	inviable
SPAC25H1.09	viable
SPAC26A3.01	viable
SPAC26A3.02	viable
SPAC26A3.03c	inviable
SPAC26A3.04	viable
SPAC26A3.05	inviable
SPAC26A3.06	viable
SPAC26A3.07c	viable
SPAC26A3.08	inviable
SPAC26A3.09c	viable
SPAC26A3.10	viable
SPAC26A3.11	viable
SPAC26A3.12c	inviable
SPAC26A3.14c	viable
SPAC26A3.15c	inviable
SPAC26A3.16	viable
SPAC26A3.17c	viable
SPAC26F1.01	viable
SPAC26F1.02	viable
SPAC26F1.03	inviable
SPAC26F1.04c	viable
SPAC26F1.05	viable
SPAC26F1.06	inviable
SPAC26F1.07	viable
SPAC26F1.08c	viable
SPAC26F1.09	viable
SPAC26F1.10c	viable
SPAC26F1.12c	viable
SPAC26F1.13c	inviable
SPAC26F1.14c	viable
SPAC26H5.02c	viable
SPAC26H5.03	viable
SPAC26H5.04	viable
SPAC26H5.05	viable
SPAC26H5.06	inviable
SPAC26H5.07c	viable
SPAC26H5.08c	viable
SPAC26H5.09c	viable
SPAC26H5.10c	viable
SPAC26H5.11	viable
SPAC26H5.12	inviable
SPAC26H5.13c	inviable
SPAC27D7.02c	viable
SPAC27D7.03c	viable
SPAC27D7.04	viable
SPAC27D7.05c	viable
SPAC27D7.06	viable
SPAC27D7.07c	inviable
SPAC27D7.08c	viable
SPAC27D7.09c	viable
SPAC27D7.11c	viable
SPAC27D7.12c	viable
SPAC27D7.13c	viable
SPAC27D7.14c	viable
SPAC27E2.01	viable
SPAC27E2.02	viable
SPAC27E2.03c	viable
SPAC27E2.05	inviable
SPAC27E2.06c	inviable
SPAC27E2.07	viable
SPAC27E2.09	viable
SPAC27E2.10c	inviable
SPAC27E2.11c	viable
SPAC27E2.12	viable
SPAC27F1.02c	inviable
SPAC27F1.03c	viable
SPAC27F1.04c	inviable
SPAC27F1.05c	viable
SPAC27F1.06c	viable
SPAC27F1.07	inviable
SPAC27F1.08	viable
SPAC27F1.09c	inviable
SPAC27F1.10	viable
SPAC29A4.02c	viable
SPAC29A4.03c	inviable
SPAC29A4.04c	inviable
SPAC29A4.05	viable
SPAC29A4.06c	inviable
SPAC29A4.07	inviable
SPAC29A4.08c	inviable
SPAC29A4.09	viable
SPAC29A4.10	inviable
SPAC29A4.11	viable
SPAC29A4.12c	viable
SPAC29A4.13	viable
SPAC29A4.14c	viable
SPAC29A4.15	inviable
SPAC29A4.16	condition-dependent
SPAC29A4.17c	viable
SPAC29A4.18	viable
SPAC29A4.19c	viable
SPAC29A4.20	viable
SPAC29B12.01	inviable
SPAC29B12.02c	viable
SPAC29B12.03	viable
SPAC29B12.04	viable
SPAC29B12.05c	viable
SPAC29B12.06c	viable
SPAC29B12.07	inviable
SPAC29B12.08	viable
SPAC29B12.10c	viable
SPAC29B12.11c	viable
SPAC29B12.12	viable
SPAC29B12.13	viable
SPAC29B12.14c	viable
SPAC29E6.01	viable
SPAC29E6.02	inviable
SPAC29E6.03c	inviable
SPAC29E6.04	inviable
SPAC29E6.05c	viable
SPAC29E6.06c	inviable
SPAC29E6.07	viable
SPAC29E6.08	inviable
SPAC29E6.09	viable
SPAC29E6.10c	viable
SPAC2C4.03c	inviable
SPAC2C4.04c	inviable
SPAC2C4.05	viable
SPAC2C4.06c	viable
SPAC2C4.07c	viable
SPAC2C4.08	viable
SPAC2C4.09	viable
SPAC2C4.10c	viable
SPAC2C4.11c	inviable
SPAC2C4.12c	inviable
SPAC2C4.13	inviable
SPAC2C4.14c	viable
SPAC2C4.15c	viable
SPAC2C4.16c	viable
SPAC2C4.17c	viable
SPAC2E12.02	inviable
SPAC2E12.03c	viable
SPAC2E1P3.01	viable
SPAC2E1P3.02c	viable
SPAC2E1P3.04	viable
SPAC2E1P3.05c	viable
SPAC2E1P5.01c	viable
SPAC2E1P5.02c	viable
SPAC2E1P5.03	viable
SPAC2E1P5.04c	inviable
SPAC2E1P5.05	inviable
SPAC2F3.01	viable
SPAC2F3.02	viable
SPAC2F3.03c	inviable
SPAC2F3.04c	inviable
SPAC2F3.05c	viable
SPAC2F3.06c	condition-dependent
SPAC2F3.07c	viable
SPAC2F3.08	viable
SPAC2F3.09	condition-dependent
SPAC2F3.10	inviable
SPAC2F3.11	viable
SPAC2F3.12c	viable
SPAC2F3.13c	viable
SPAC2F3.14c	inviable
SPAC2F3.15	viable
SPAC2F3.16	viable
SPAC2F3.17c	inviable
SPAC2F3.18c	viable
SPAC2F7.02c	viable
SPAC2F7.03c	viable
SPAC2F7.04	viable
SPAC2F7.05c	inviable
SPAC2F7.06c	viable
SPAC2F7.07c	viable
SPAC2F7.08c	viable
SPAC2F7.09c	viable
SPAC2F7.10	viable
SPAC2F7.11	viable
SPAC2F7.13c	inviable
SPAC2F7.14c	inviable
SPAC2F7.15	inviable
SPAC2F7.16c	viable
SPAC2F7.17	viable
SPAC2G11.02	inviable
SPAC2G11.03c	viable
SPAC2G11.04	viable
SPAC2G11.05c	viable
SPAC2G11.06	viable
SPAC2G11.07c	viable
SPAC2G11.08c	inviable
SPAC2G11.09	viable
SPAC2G11.10c	viable
SPAC2G11.11c	inviable
SPAC2G11.12	viable
SPAC2G11.13	viable
SPAC2G11.14	inviable
SPAC2G11.15c	viable
SPAC2H10.01	viable
SPAC2H10.02c	viable
SPAC30.01c	viable
SPAC30.02c	viable
SPAC30.03c	viable
SPAC30.04c	viable
SPAC30C2.02	viable
SPAC30C2.03	inviable
SPAC30C2.04	viable
SPAC30C2.05	viable
SPAC30C2.06c	viable
SPAC30C2.07	viable
SPAC30C2.08	viable
SPAC30D11.01c	viable
SPAC30D11.02c	viable
SPAC30D11.03	inviable
SPAC30D11.04c	viable
SPAC30D11.05	viable
SPAC30D11.06c	viable
SPAC30D11.07	viable
SPAC30D11.08c	inviable
SPAC30D11.09	viable
SPAC30D11.10	viable
SPAC30D11.11	viable
SPAC30D11.12	viable
SPAC30D11.13	condition-dependent
SPAC30D11.14c	viable
SPAC31A2.02	viable
SPAC31A2.03	inviable
SPAC31A2.04c	inviable
SPAC31A2.05c	inviable
SPAC31A2.06	viable
SPAC31A2.07c	inviable
SPAC31A2.08	inviable
SPAC31A2.09c	viable
SPAC31A2.10	viable
SPAC31A2.11c	viable
SPAC31A2.12	viable
SPAC31A2.13c	viable
SPAC31A2.14	viable
SPAC31A2.15c	viable
SPAC31A2.16	viable
SPAC31F12.01	viable
SPAC31G5.01	inviable
SPAC31G5.02	inviable
SPAC31G5.03	viable
SPAC31G5.04	viable
SPAC31G5.05c	inviable
SPAC31G5.06	inviable
SPAC31G5.07	viable
SPAC31G5.08	inviable
SPAC31G5.09c	viable
SPAC31G5.10	viable
SPAC31G5.11	viable
SPAC31G5.12c	viable
SPAC31G5.13	inviable
SPAC31G5.14	viable
SPAC31G5.15	viable
SPAC31G5.16c	inviable
SPAC31G5.17c	viable
SPAC31G5.18c	viable
SPAC31G5.19	viable
SPAC31G5.21	viable
SPAC323.01c	condition-dependent
SPAC323.02c	inviable
SPAC323.03c	viable
SPAC323.04	viable
SPAC323.05c	viable
SPAC323.06c	inviable
SPAC323.07c	viable
SPAC323.08	condition-dependent
SPAC328.01c	viable
SPAC328.02	viable
SPAC328.03	viable
SPAC328.04	viable
SPAC328.05	viable
SPAC328.06	viable
SPAC328.07c	viable
SPAC328.08c	inviable
SPAC328.09	viable
SPAC328.10c	viable
SPAC32A11.01	viable
SPAC32A11.02c	viable
SPAC32A11.03c	viable
SPAC32A11.04c	inviable
SPAC343.01c	inviable
SPAC343.02	inviable
SPAC343.03	inviable
SPAC343.04c	viable
SPAC343.05	condition-dependent
SPAC343.06c	viable
SPAC343.07	viable
SPAC343.08c	inviable
SPAC343.09	viable
SPAC343.10	viable
SPAC343.11c	viable
SPAC343.12	viable
SPAC343.13	inviable
SPAC343.14c	inviable
SPAC343.15	viable
SPAC343.16	viable
SPAC343.17c	inviable
SPAC343.18	viable
SPAC343.19	viable
SPAC343.20	viable
SPAC3A11.02	viable
SPAC3A11.03	viable
SPAC3A11.04	viable
SPAC3A11.05c	viable
SPAC3A11.06	viable
SPAC3A11.07	viable
SPAC3A11.08	inviable
SPAC3A11.09	viable
SPAC3A11.10c	viable
SPAC3A11.11c	viable
SPAC3A11.12c	inviable
SPAC3A11.13	viable
SPAC3A11.14c	viable
SPAC3A12.02	inviable
SPAC3A12.03c	viable
SPAC3A12.04c	inviable
SPAC3A12.05c	inviable
SPAC3A12.06c	viable
SPAC3A12.07	inviable
SPAC3A12.08	viable
SPAC3A12.09c	viable
SPAC3A12.10	viable
SPAC3A12.11c	inviable
SPAC3A12.12	viable
SPAC3A12.13c	viable
SPAC3A12.14	inviable
SPAC3A12.15	inviable
SPAC3A12.16c	inviable
SPAC3A12.17c	viable
SPAC3A12.18	inviable
SPAC3A12.19	inviable
SPAC3C7.01c	viable
SPAC3C7.02c	viable
SPAC3C7.03c	viable
SPAC3C7.04	viable
SPAC3C7.05c	viable
SPAC3C7.06c	viable
SPAC3C7.07c	viable
SPAC3C7.08c	viable
SPAC3C7.09	viable
SPAC3C7.10	viable
SPAC3C7.11c	inviable
SPAC3C7.12	viable
SPAC3C7.13c	viable
SPAC3C7.14c	viable
SPAC3F10.02c	viable
SPAC3F10.03	inviable
SPAC3F10.04	condition-dependent
SPAC3F10.05c	viable
SPAC3F10.06c	viable
SPAC3F10.08c	inviable
SPAC3F10.09	viable
SPAC3F10.10c	viable
SPAC3F10.11c	viable
SPAC3F10.12c	viable
SPAC3F10.13	viable
SPAC3F10.15c	viable
SPAC3F10.16c	viable
SPAC3F10.17	viable
SPAC3F10.18c	viable
SPAC3G6.01	viable
SPAC3G6.02	condition-dependent
SPAC3G6.03c	viable
SPAC3G6.04	viable
SPAC3G6.05	viable
SPAC3G6.06c	viable
SPAC3G6.08	inviable
SPAC3G6.09c	viable
SPAC3G6.10c	inviable
SPAC3G6.11	viable
SPAC3G6.13c	viable
SPAC3G9.01	viable
SPAC3G9.02	viable
SPAC3G9.03	viable
SPAC3G9.04	viable
SPAC3G9.05	viable
SPAC3G9.06	inviable
SPAC3G9.07c	viable
SPAC3G9.08	condition-dependent
SPAC3G9.09c	inviable
SPAC3G9.10c	inviable
SPAC3G9.11c	viable
SPAC3G9.12	inviable
SPAC3G9.13c	inviable
SPAC3G9.14	inviable
SPAC3G9.15c	inviable
SPAC3G9.16c	inviable
SPAC3G9.17	viable
SPAC3H1.01c	inviable
SPAC3H1.02c	viable
SPAC3H1.03	viable
SPAC3H1.04c	viable
SPAC3H1.05	viable
SPAC3H1.06c	viable
SPAC3H1.07	viable
SPAC3H1.08c	viable
SPAC3H1.09c	viable
SPAC3H1.10	viable
SPAC3H1.11	viable
SPAC3H1.12c	viable
SPAC3H1.13	viable
SPAC3H1.14	viable
SPAC3H5.04	viable
SPAC3H5.05c	viable
SPAC3H5.06c	inviable
SPAC3H5.07	viable
SPAC3H5.08c	viable
SPAC3H5.09c	viable
SPAC3H5.10	viable
SPAC3H5.11	inviable
SPAC3H5.12c	viable
SPAC3H8.02	viable
SPAC3H8.03	viable
SPAC3H8.04	viable
SPAC3H8.05c	viable
SPAC3H8.06	inviable
SPAC3H8.07c	viable
SPAC3H8.08c	viable
SPAC3H8.09c	viable
SPAC3H8.10	condition-dependent
SPAC458.02c	viable
SPAC458.03	inviable
SPAC458.04c	viable
SPAC458.05	viable
SPAC458.06	viable
SPAC458.07	inviable
SPAC4A8.02c	viable
SPAC4A8.03c	condition-dependent
SPAC4A8.04	viable
SPAC4A8.05c	viable
SPAC4A8.06c	viable
SPAC4A8.07c	viable
SPAC4A8.08c	inviable
SPAC4A8.09c	viable
SPAC4A8.10	viable
SPAC4A8.11c	inviable
SPAC4A8.12c	inviable
SPAC4A8.13c	inviable
SPAC4A8.14	viable
SPAC4A8.15c	inviable
SPAC4A8.16c	inviable
SPAC4C5.01	viable
SPAC4C5.02c	condition-dependent
SPAC4C5.03	viable
SPAC4C5.04	viable
SPAC4D7.01c	viable
SPAC4D7.02c	viable
SPAC4D7.03	viable
SPAC4D7.04c	inviable
SPAC4D7.05	inviable
SPAC4D7.06c	viable
SPAC4D7.07c	viable
SPAC4D7.08c	viable
SPAC4D7.09	inviable
SPAC4D7.10c	viable
SPAC4D7.11	viable
SPAC4D7.12c	inviable
SPAC4D7.13	inviable
SPAC4F10.02	viable
SPAC4F10.03c	inviable
SPAC4F10.04	viable
SPAC4F10.05c	viable
SPAC4F10.06	viable
SPAC4F10.07c	viable
SPAC4F10.08	viable
SPAC4F10.09c	inviable
SPAC4F10.10c	inviable
SPAC4F10.11	viable
SPAC4F10.12	inviable
SPAC4F10.13c	viable
SPAC4F10.14c	viable
SPAC4F10.15c	viable
SPAC4F10.16c	viable
SPAC4F10.17	viable
SPAC4F10.18	viable
SPAC4F10.19c	viable
SPAC4F10.20	viable
SPAC4F8.01	viable
SPAC4F8.02c	inviable
SPAC4F8.03	viable
SPAC4F8.04	inviable
SPAC4F8.05c	inviable
SPAC4F8.06	inviable
SPAC4F8.07c	condition-dependent
SPAC4F8.08	viable
SPAC4F8.10c	viable
SPAC4F8.11	viable
SPAC4F8.12c	inviable
SPAC4F8.13c	inviable
SPAC4F8.14c	inviable
SPAC4F8.15	viable
SPAC4G8.02c	inviable
SPAC4G8.03c	viable
SPAC4G8.04	viable
SPAC4G8.05	viable
SPAC4G8.06c	viable
SPAC4G8.07c	viable
SPAC4G8.08	viable
SPAC4G8.09	inviable
SPAC4G8.10	viable
SPAC4G8.11c	viable
SPAC4G8.12c	inviable
SPAC4G8.13c	viable
SPAC4G9.02	viable
SPAC4G9.03	inviable
SPAC4G9.04c	inviable
SPAC4G9.05	viable
SPAC4G9.06c	viable
SPAC4G9.07	viable
SPAC4G9.08c	inviable
SPAC4G9.09c	viable
SPAC4G9.10	viable
SPAC4G9.11c	viable
SPAC4G9.12	viable
SPAC4G9.13c	viable
SPAC4G9.14	viable
SPAC4G9.15	viable
SPAC4G9.16c	viable
SPAC4G9.17c	inviable
SPAC4G9.19	viable
SPAC4G9.20c	viable
SPAC4H3.01	viable
SPAC4H3.02c	viable
SPAC4H3.03c	viable
SPAC4H3.04c	viable
SPAC4H3.05	viable
SPAC4H3.06	viable
SPAC4H3.07c	viable
SPAC4H3.08	inviable
SPAC4H3.09	inviable
SPAC4H3.10c	inviable
SPAC4H3.11c	inviable
SPAC4H3.13	viable
SPAC4H3.14c	viable
SPAC513.01c	viable
SPAC513.02	viable
SPAC513.03	viable
SPAC513.04	viable
SPAC513.05	viable
SPAC513.06c	viable
SPAC513.07	viable
SPAC521.02	viable
SPAC521.03	viable
SPAC521.04c	viable
SPAC521.05	viable
SPAC56E4.02c	inviable
SPAC56E4.03	viable
SPAC56E4.04c	inviable
SPAC56E4.05	inviable
SPAC56E4.06c	viable
SPAC56E4.07	viable
SPAC56F8.02	viable
SPAC56F8.03	inviable
SPAC56F8.04c	condition-dependent
SPAC56F8.05c	viable
SPAC56F8.06c	viable
SPAC56F8.07	inviable
SPAC56F8.08	viable
SPAC56F8.09	viable
SPAC56F8.10	inviable
SPAC56F8.11	inviable
SPAC56F8.12	viable
SPAC56F8.14c	viable
SPAC56F8.16	viable
SPAC57A10.02	viable
SPAC57A10.03	viable
SPAC57A10.04	viable
SPAC57A10.05c	inviable
SPAC57A10.06	viable
SPAC57A10.07	viable
SPAC57A10.08c	viable
SPAC57A10.09c	viable
SPAC57A10.10c	viable
SPAC57A10.11c	inviable
SPAC57A10.12c	viable
SPAC57A10.14	viable
SPAC57A7.04c	viable
SPAC57A7.05	viable
SPAC57A7.06	inviable
SPAC57A7.07c	viable
SPAC57A7.08	viable
SPAC57A7.09	viable
SPAC57A7.10c	inviable
SPAC57A7.11	inviable
SPAC57A7.12	viable
SPAC57A7.13	viable
SPAC589.02c	viable
SPAC589.03c	viable
SPAC589.04	inviable
SPAC589.05c	viable
SPAC589.06c	viable
SPAC589.07c	viable
SPAC589.08c	viable
SPAC589.09	viable
SPAC589.10c	viable
SPAC589.11	viable
SPAC589.12	viable
SPAC5D6.01	viable
SPAC5D6.02c	viable
SPAC5D6.04	viable
SPAC5D6.05	viable
SPAC5D6.06c	viable
SPAC5D6.07c	viable
SPAC5D6.08c	viable
SPAC5D6.09c	viable
SPAC5D6.10c	viable
SPAC5D6.12	viable
SPAC5D6.13	viable
SPAC5H10.01	viable
SPAC5H10.02c	viable
SPAC5H10.03	viable
SPAC5H10.04	viable
SPAC5H10.05c	viable
SPAC5H10.06c	viable
SPAC5H10.07	viable
SPAC5H10.08c	viable
SPAC5H10.09c	viable
SPAC5H10.10	viable
SPAC5H10.11	viable
SPAC5H10.12c	viable
SPAC5H10.13c	viable
SPAC607.02c	viable
SPAC607.03c	inviable
SPAC607.04	inviable
SPAC607.05	inviable
SPAC607.06c	viable
SPAC607.07c	viable
SPAC607.08c	viable
SPAC607.09c	viable
SPAC607.10	viable
SPAC630.03	inviable
SPAC630.04c	viable
SPAC630.05	viable
SPAC630.06c	viable
SPAC630.07c	viable
SPAC630.08c	inviable
SPAC630.09c	viable
SPAC630.10	viable
SPAC630.11	viable
SPAC630.12	inviable
SPAC630.13c	viable
SPAC630.14c	viable
SPAC630.15	viable
SPAC631.01c	viable
SPAC631.02	viable
SPAC637.03	viable
SPAC637.04	inviable
SPAC637.05c	inviable
SPAC637.06	viable
SPAC637.07	viable
SPAC637.08	inviable
SPAC637.09	viable
SPAC637.10c	viable
SPAC637.11	viable
SPAC637.12c	inviable
SPAC637.13c	viable
SPAC644.04	inviable
SPAC644.05c	inviable
SPAC644.06c	viable
SPAC644.07	viable
SPAC644.08	viable
SPAC644.09	viable
SPAC644.10	inviable
SPAC644.11c	viable
SPAC644.12	inviable
SPAC644.13c	viable
SPAC644.14c	viable
SPAC644.15	viable
SPAC644.16	inviable
SPAC644.17c	inviable
SPAC644.18c	inviable
SPAC652.01	viable
SPAC664.01c	viable
SPAC664.02c	viable
SPAC664.03	viable
SPAC664.04c	viable
SPAC664.05	inviable
SPAC664.06	inviable
SPAC664.07c	viable
SPAC664.08c	inviable
SPAC664.09	inviable
SPAC664.10	viable
SPAC664.11	inviable
SPAC664.12c	viable
SPAC664.13	viable
SPAC664.14	viable
SPAC664.15	viable
SPAC683.02c	viable
SPAC683.03	viable
SPAC688.02c	inviable
SPAC688.03c	viable
SPAC688.04c	viable
SPAC688.06c	viable
SPAC688.07c	viable
SPAC688.09	inviable
SPAC688.10	viable
SPAC688.11	condition-dependent
SPAC688.12c	viable
SPAC688.13	viable
SPAC688.14	viable
SPAC694.02	viable
SPAC694.03	viable
SPAC694.04c	viable
SPAC694.05c	viable
SPAC694.06c	viable
SPAC6B12.02c	viable
SPAC6B12.03c	viable
SPAC6B12.04c	viable
SPAC6B12.05c	viable
SPAC6B12.06c	viable
SPAC6B12.07c	viable
SPAC6B12.08	viable
SPAC6B12.09	viable
SPAC6B12.10c	inviable
SPAC6B12.11	inviable
SPAC6B12.12	viable
SPAC6B12.13	inviable
SPAC6B12.14c	viable
SPAC6B12.15	viable
SPAC6B12.16	viable
SPAC6B12.18	inviable
SPAC6C3.02c	viable
SPAC6C3.03c	viable
SPAC6C3.04	viable
SPAC6C3.05	viable
SPAC6C3.06c	viable
SPAC6C3.07	viable
SPAC6C3.08	viable
SPAC6C3.09	inviable
SPAC6F12.02	viable
SPAC6F12.03c	viable
SPAC6F12.04	viable
SPAC6F12.05c	inviable
SPAC6F12.06	viable
SPAC6F12.07	inviable
SPAC6F12.08c	inviable
SPAC6F12.09	viable
SPAC6F12.10c	viable
SPAC6F12.11c	inviable
SPAC6F12.12	viable
SPAC6F12.13c	inviable
SPAC6F12.14	inviable
SPAC6F12.15c	inviable
SPAC6F12.16c	inviable
SPAC6F12.17	inviable
SPAC6F6.01	viable
SPAC6F6.02c	viable
SPAC6F6.03c	viable
SPAC6F6.04c	viable
SPAC6F6.05	inviable
SPAC6F6.06c	viable
SPAC6F6.07c	inviable
SPAC6F6.08c	inviable
SPAC6F6.09	viable
SPAC6F6.10c	inviable
SPAC6F6.11c	viable
SPAC6F6.12	viable
SPAC6F6.13c	viable
SPAC6F6.15	condition-dependent
SPAC6F6.16c	inviable
SPAC6F6.17	viable
SPAC6G10.02c	viable
SPAC6G10.03c	viable
SPAC6G10.04c	inviable
SPAC6G10.05c	inviable
SPAC6G10.06	viable
SPAC6G10.07	inviable
SPAC6G10.08	viable
SPAC6G10.09	inviable
SPAC6G10.10c	viable
SPAC6G10.11c	viable
SPAC6G10.12c	viable
SPAC6G9.01c	viable
SPAC6G9.02c	inviable
SPAC6G9.03c	viable
SPAC6G9.04	viable
SPAC6G9.05	viable
SPAC6G9.06c	inviable
SPAC6G9.07c	inviable
SPAC6G9.08	viable
SPAC6G9.09c	viable
SPAC6G9.10c	viable
SPAC6G9.11	inviable
SPAC6G9.12	viable
SPAC6G9.13c	viable
SPAC6G9.14	viable
SPAC6G9.15c	viable
SPAC6G9.16c	viable
SPAC732.01	inviable
SPAC732.02c	viable
SPAC750.02c	viable
SPAC750.03c	viable
SPAC750.05c	viable
SPAC750.06c	viable
SPAC750.07c	viable
SPAC750.08c	viable
SPAC767.01c	viable
SPAC7D4.02c	viable
SPAC7D4.03c	viable
SPAC7D4.04	viable
SPAC7D4.05	viable
SPAC7D4.06c	viable
SPAC7D4.07c	condition-dependent
SPAC7D4.08	viable
SPAC7D4.09c	inviable
SPAC7D4.10	inviable
SPAC7D4.11c	inviable
SPAC7D4.12c	viable
SPAC7D4.13c	viable
SPAC7D4.14c	viable
SPAC7D4.15c	inviable
SPAC806.02c	inviable
SPAC806.03c	viable
SPAC806.04c	viable
SPAC806.05	inviable
SPAC806.06c	condition-dependent
SPAC806.07	viable
SPAC806.08c	viable
SPAC821.03c	viable
SPAC821.04c	viable
SPAC821.05	viable
SPAC821.06	viable
SPAC821.07c	viable
SPAC821.08c	inviable
SPAC821.09	viable
SPAC821.10c	condition-dependent
SPAC821.11	viable
SPAC821.12	inviable
SPAC821.13c	viable
SPAC823.03	viable
SPAC823.04	inviable
SPAC823.05c	viable
SPAC823.06	inviable
SPAC823.07	inviable
SPAC823.08c	inviable
SPAC823.09c	viable
SPAC823.10c	viable
SPAC823.11	inviable
SPAC823.12	condition-dependent
SPAC823.13c	viable
SPAC823.14	viable
SPAC823.15	viable
SPAC823.16c	viable
SPAC823.17	viable
SPAC824.02	viable
SPAC824.03c	viable
SPAC824.04	viable
SPAC824.05	condition-dependent
SPAC824.06	inviable
SPAC824.07	viable
SPAC824.08	viable
SPAC824.09c	viable
SPAC869.01	viable
SPAC869.02c	viable
SPAC869.03c	viable
SPAC869.04	viable
SPAC869.05c	viable
SPAC869.06c	viable
SPAC869.07c	viable
SPAC869.08	viable
SPAC869.09	viable
SPAC869.10c	viable
SPAC869.11	viable
SPAC890.02c	viable
SPAC890.03	viable
SPAC890.04c	inviable
SPAC890.05	viable
SPAC890.06	viable
SPAC890.07c	viable
SPAC890.08	inviable
SPAC8C9.03	viable
SPAC8C9.04	viable
SPAC8C9.05	viable
SPAC8C9.06c	viable
SPAC8C9.07	viable
SPAC8C9.08	viable
SPAC8C9.09c	viable
SPAC8C9.10c	viable
SPAC8C9.11	viable
SPAC8C9.12c	viable
SPAC8C9.14	viable
SPAC8C9.15c	inviable
SPAC8C9.16c	viable
SPAC8C9.17c	viable
SPAC8C9.19	viable
SPAC8E11.01c	viable
SPAC8E11.02c	viable
SPAC8E11.03c	viable
SPAC8E11.04c	viable
SPAC8E11.05c	viable
SPAC8E11.06	viable
SPAC8E11.07c	viable
SPAC8E11.10	viable
SPAC8F11.02c	viable
SPAC8F11.03	viable
SPAC8F11.04	inviable
SPAC8F11.05c	viable
SPAC8F11.06	inviable
SPAC8F11.07c	inviable
SPAC8F11.08c	viable
SPAC8F11.09c	viable
SPAC8F11.10c	viable
SPAC9.02c	viable
SPAC9.03c	inviable
SPAC9.05	viable
SPAC9.06c	viable
SPAC9.07c	viable
SPAC9.08c	viable
SPAC9.09	viable
SPAC9.10	viable
SPAC9.11	viable
SPAC9.12c	viable
SPAC9.13c	viable
SPAC922.03	viable
SPAC922.04	viable
SPAC922.05c	viable
SPAC922.06	viable
SPAC922.07c	viable
SPAC926.02	viable
SPAC926.03	viable
SPAC926.04c	inviable
SPAC926.05c	viable
SPAC926.06c	viable
SPAC926.07c	viable
SPAC926.08c	inviable
SPAC926.09c	viable
SPAC959.02	inviable
SPAC959.03c	inviable
SPAC959.04c	viable
SPAC959.05c	viable
SPAC959.06c	viable
SPAC959.07	viable
SPAC959.08	viable
SPAC959.09c	inviable
SPAC959.10	inviable
SPAC977.01	viable
SPAC977.02	viable
SPAC977.03	viable
SPAC977.05c	viable
SPAC977.06	viable
SPAC977.07c	viable
SPAC977.08	viable
SPAC977.09c	viable
SPAC977.10	viable
SPAC977.11	viable
SPAC977.12	viable
SPAC977.14c	viable
SPAC977.15	viable
SPAC977.16c	viable
SPAC977.17	viable
SPAC9E9.03	viable
SPAC9E9.04	viable
SPAC9E9.05	viable
SPAC9E9.06c	inviable
SPAC9E9.07c	inviable
SPAC9E9.08	viable
SPAC9E9.09c	viable
SPAC9E9.10c	viable
SPAC9E9.11	viable
SPAC9E9.12c	viable
SPAC9E9.13	viable
SPAC9E9.14	viable
SPAC9E9.15	viable
SPAC9G1.02	viable
SPAC9G1.03c	viable
SPAC9G1.04	viable
SPAC9G1.05	viable
SPAC9G1.06c	viable
SPAC9G1.07	viable
SPAC9G1.08c	viable
SPAC9G1.09	inviable
SPAC9G1.10c	viable
SPAC9G1.11c	viable
SPAC9G1.12	viable
SPAC9G1.13c	inviable
SPAC9G1.15c	inviable
SPACUNK12.02c	viable
SPACUNK4.06c	inviable
SPACUNK4.08	viable
SPACUNK4.09	viable
SPACUNK4.10	viable
SPACUNK4.11c	viable
SPACUNK4.12c	viable
SPACUNK4.13c	viable
SPACUNK4.14	viable
SPACUNK4.15	viable
SPACUNK4.16c	viable
SPACUNK4.17	viable
SPACUNK4.19	viable
SPAP11E10.01	viable
SPAP11E10.02c	viable
SPAP14E8.02	viable
SPAP14E8.03	inviable
SPAP14E8.04	viable
SPAP14E8.05c	viable
SPAP19A11.05c	inviable
SPAP27G11.02	viable
SPAP27G11.03	inviable
SPAP27G11.04c	inviable
SPAP27G11.05c	viable
SPAP27G11.06c	viable
SPAP27G11.07c	inviable
SPAP27G11.08c	viable
SPAP27G11.09c	inviable
SPAP27G11.10c	viable
SPAP27G11.12	viable
SPAP27G11.13c	inviable
SPAP27G11.14c	viable
SPAP27G11.15	viable
SPAP27G11.16	viable
SPAP32A8.02	viable
SPAP32A8.03c	viable
SPAP7G5.02c	inviable
SPAP7G5.03	viable
SPAP7G5.04c	viable
SPAP7G5.05	viable
SPAP7G5.06	viable
SPAP8A3.02c	viable
SPAP8A3.03	viable
SPAP8A3.04c	viable
SPAP8A3.05	viable
SPAP8A3.06	inviable
SPAP8A3.07c	viable
SPAP8A3.08	inviable
SPAP8A3.09c	inviable
SPAP8A3.10	inviable
SPAP8A3.11c	inviable
SPAP8A3.12c	viable
SPAP8A3.13c	viable
SPAP8A3.14c	viable
SPAPB15E9.01c	viable
SPAPB17E12.02	viable
SPAPB17E12.03	viable
SPAPB17E12.04c	viable
SPAPB17E12.05	viable
SPAPB17E12.07c	inviable
SPAPB17E12.08	viable
SPAPB17E12.09	inviable
SPAPB17E12.10c	inviable
SPAPB17E12.11	inviable
SPAPB17E12.12c	viable
SPAPB17E12.13	viable
SPAPB17E12.14c	viable
SPAPB18E9.01	viable
SPAPB18E9.02c	viable
SPAPB18E9.04c	viable
SPAPB1A10.02	inviable
SPAPB1A10.03	viable
SPAPB1A10.04c	inviable
SPAPB1A10.05	viable
SPAPB1A10.06c	inviable
SPAPB1A10.07c	viable
SPAPB1A10.08	viable
SPAPB1A10.09	viable
SPAPB1A10.10c	viable
SPAPB1A10.11c	inviable
SPAPB1A10.12c	viable
SPAPB1A10.13	viable
SPAPB1A10.14	viable
SPAPB1A10.15	viable
SPAPB1A10.16	viable
SPAPB1A11.01	viable
SPAPB1A11.02	viable
SPAPB1A11.03	viable
SPAPB1A11.04c	viable
SPAPB1E7.01c	inviable
SPAPB1E7.02c	condition-dependent
SPAPB1E7.03	inviable
SPAPB1E7.04c	viable
SPAPB1E7.05	viable
SPAPB1E7.06c	viable
SPAPB1E7.07	viable
SPAPB1E7.08c	viable
SPAPB1E7.09	condition-dependent
SPAPB1E7.10	inviable
SPAPB1E7.11c	viable
SPAPB1E7.12	viable
SPAPB21F2.02	viable
SPAPB21F2.03	viable
SPAPB24D3.01	viable
SPAPB24D3.02c	viable
SPAPB24D3.03	viable
SPAPB24D3.04c	viable
SPAPB24D3.06c	inviable
SPAPB24D3.07c	viable
SPAPB24D3.08c	viable
SPAPB24D3.09c	viable
SPAPB24D3.10c	viable
SPAPB2B4.01c	inviable
SPAPB2B4.02	condition-dependent
SPAPB2B4.03	viable
SPAPB2B4.04c	viable
SPAPB2B4.05	inviable
SPAPB2B4.06	viable
SPAPB2B4.07	viable
SPAPB2C8.01	viable
SPAPB8E5.02c	viable
SPAPB8E5.03	viable
SPAPB8E5.04c	viable
SPAPB8E5.05	viable
SPAPB8E5.06c	viable
SPAPB8E5.07c	inviable
SPAPB8E5.08	viable
SPAPB8E5.09	inviable
SPAPB8E5.10	viable
SPAPJ691.02	viable
SPAPJ691.03	viable
SPAPJ695.01c	viable
SPAPJ696.01c	viable
SPAPJ696.02	viable
SPAPJ698.02c	viable
SPAPJ698.03c	inviable
SPAPJ760.02c	viable
SPAPJ760.03c	viable
SPAPYUG7.02c	viable
SPAPYUG7.03c	viable
SPAPYUG7.04c	viable
SPAPYUG7.05	inviable
SPAPYUG7.06	viable
SPAPYUK71.03c	viable
SPBC106.01	viable
SPBC106.02c	viable
SPBC106.03	viable
SPBC106.04	viable
SPBC106.05c	viable
SPBC106.06	inviable
SPBC106.07c	viable
SPBC106.08c	viable
SPBC106.09	inviable
SPBC106.10	viable
SPBC106.11c	viable
SPBC106.12c	viable
SPBC106.13	viable
SPBC106.14c	inviable
SPBC106.15	inviable
SPBC106.16	viable
SPBC106.17c	viable
SPBC106.18	inviable
SPBC106.19	viable
SPBC106.20	condition-dependent
SPBC1105.01	viable
SPBC1105.02c	viable
SPBC1105.03c	inviable
SPBC1105.04c	viable
SPBC1105.05	viable
SPBC1105.06	inviable
SPBC1105.07c	inviable
SPBC1105.08	viable
SPBC1105.09	viable
SPBC1105.10	viable
SPBC1105.11c	viable
SPBC1105.12	viable
SPBC1105.13c	viable
SPBC1105.14	viable
SPBC1105.15c	viable
SPBC1105.16c	inviable
SPBC1105.17	inviable
SPBC1105.18c	viable
SPBC115.01c	inviable
SPBC115.02c	viable
SPBC115.03	viable
SPBC119.01	inviable
SPBC119.02	inviable
SPBC119.03	viable
SPBC119.04	viable
SPBC119.05c	viable
SPBC119.06	viable
SPBC119.07	viable
SPBC119.08	viable
SPBC119.09c	inviable
SPBC119.10	viable
SPBC119.11c	inviable
SPBC119.12	viable
SPBC119.13c	inviable
SPBC119.14	viable
SPBC119.15	inviable
SPBC119.16c	viable
SPBC119.17	condition-dependent
SPBC119.18	inviable
SPBC1198.01	viable
SPBC1198.02	inviable
SPBC1198.03c	viable
SPBC1198.04c	inviable
SPBC1198.05	inviable
SPBC1198.06c	viable
SPBC1198.07c	viable
SPBC1198.08	viable
SPBC1198.09	viable
SPBC1198.10c	inviable
SPBC1198.11c	viable
SPBC1198.12	viable
SPBC1198.13c	inviable
SPBC1198.14c	viable
SPBC11B10.01	inviable
SPBC11B10.02c	viable
SPBC11B10.03	inviable
SPBC11B10.04c	inviable
SPBC11B10.05c	viable
SPBC11B10.06	viable
SPBC11B10.07c	viable
SPBC11B10.08	viable
SPBC11B10.09	inviable
SPBC11B10.10c	viable
SPBC11C11.01	viable
SPBC11C11.02	viable
SPBC11C11.03	inviable
SPBC11C11.04c	inviable
SPBC11C11.05	inviable
SPBC11C11.06c	viable
SPBC11C11.07	viable
SPBC11C11.08	viable
SPBC11C11.09c	viable
SPBC11C11.10	viable
SPBC11C11.11c	viable
SPBC11G11.01	viable
SPBC11G11.02c	viable
SPBC11G11.03	viable
SPBC11G11.04	inviable
SPBC11G11.05	viable
SPBC11G11.06c	inviable
SPBC11G11.07	inviable
SPBC1215.01	viable
SPBC1215.02c	inviable
SPBC1271.01c	viable
SPBC1271.02	inviable
SPBC1271.03c	viable
SPBC1271.04c	inviable
SPBC1271.05c	viable
SPBC1271.06c	viable
SPBC1271.07c	viable
SPBC1271.08c	viable
SPBC1271.09	viable
SPBC1271.10c	viable
SPBC1271.11	viable
SPBC1271.12	viable
SPBC1271.13	inviable
SPBC1271.14	viable
SPBC1271.15c	viable
SPBC1289.01c	viable
SPBC1289.02c	inviable
SPBC1289.03c	inviable
SPBC1289.04c	inviable
SPBC1289.05c	inviable
SPBC1289.06c	viable
SPBC1289.07c	inviable
SPBC1289.08	viable
SPBC1289.09	viable
SPBC1289.10c	viable
SPBC1289.11	viable
SPBC1289.12	inviable
SPBC1289.13c	viable
SPBC1289.14	viable
SPBC1289.15	viable
SPBC1289.16c	viable
SPBC12C2.01c	viable
SPBC12C2.02c	viable
SPBC12C2.03c	viable
SPBC12C2.04	viable
SPBC12C2.05c	viable
SPBC12C2.06	inviable
SPBC12C2.07c	viable
SPBC12C2.08	viable
SPBC12C2.09c	viable
SPBC12C2.10c	inviable
SPBC12C2.11	inviable
SPBC12C2.12c	viable
SPBC12C2.13c	viable
SPBC12D12.01	inviable
SPBC12D12.02c	viable
SPBC12D12.03	inviable
SPBC12D12.04c	viable
SPBC12D12.05c	viable
SPBC12D12.06	viable
SPBC12D12.07c	viable
SPBC12D12.08c	inviable
SPBC12D12.09	viable
SPBC1306.01c	inviable
SPBC1306.02	viable
SPBC1347.01c	viable
SPBC1347.02	viable
SPBC1347.03	viable
SPBC1347.04	inviable
SPBC1347.05c	inviable
SPBC1347.06c	viable
SPBC1347.07	viable
SPBC1347.08c	viable
SPBC1347.09	viable
SPBC1347.10	inviable
SPBC1347.11	viable
SPBC1347.12	viable
SPBC1347.13c	viable
SPBC1348.01	viable
SPBC1348.02	viable
SPBC1348.04	viable
SPBC1348.05	viable
SPBC1348.06c	inviable
SPBC1348.07	viable
SPBC1348.08c	viable
SPBC1348.09	viable
SPBC1348.10c	viable
SPBC1348.14c	viable
SPBC13A2.01c	inviable
SPBC13A2.02	viable
SPBC13A2.03	inviable
SPBC13A2.04c	viable
SPBC13E7.01	inviable
SPBC13E7.02	inviable
SPBC13E7.03c	viable
SPBC13E7.04	viable
SPBC13E7.05	inviable
SPBC13E7.06	viable
SPBC13E7.07	viable
SPBC13E7.08c	viable
SPBC13E7.09	viable
SPBC13E7.10c	inviable
SPBC13E7.11	viable
SPBC13G1.01c	inviable
SPBC13G1.02	viable
SPBC13G1.03c	viable
SPBC13G1.04c	viable
SPBC13G1.05	inviable
SPBC13G1.06c	inviable
SPBC13G1.07	inviable
SPBC13G1.08c	viable
SPBC13G1.09	inviable
SPBC13G1.10c	viable
SPBC13G1.11	inviable
SPBC13G1.12	viable
SPBC13G1.13	viable
SPBC13G1.14c	viable
SPBC146.01	inviable
SPBC146.02	viable
SPBC146.03c	inviable
SPBC146.04	viable
SPBC146.05c	inviable
SPBC146.06c	viable
SPBC146.07	inviable
SPBC146.08c	viable
SPBC146.09c	viable
SPBC146.10	viable
SPBC146.11c	viable
SPBC146.12	viable
SPBC146.13c	viable
SPBC146.14c	inviable
SPBC14C8.01c	inviable
SPBC14C8.02	inviable
SPBC14C8.03	viable
SPBC14C8.04	viable
SPBC14C8.05c	viable
SPBC14C8.06	inviable
SPBC14C8.07c	inviable
SPBC14C8.09c	viable
SPBC14C8.10	inviable
SPBC14C8.11c	viable
SPBC14C8.12	inviable
SPBC14C8.13	viable
SPBC14C8.14c	inviable
SPBC14C8.15	viable
SPBC14C8.16c	condition-dependent
SPBC14C8.17c	viable
SPBC14F5.02	inviable
SPBC14F5.03c	viable
SPBC14F5.04c	inviable
SPBC14F5.05c	inviable
SPBC14F5.06	inviable
SPBC14F5.07	viable
SPBC14F5.08	inviable
SPBC14F5.09c	viable
SPBC14F5.10c	viable
SPBC14F5.11c	viable
SPBC14F5.12c	viable
SPBC14F5.13c	viable
SPBC1539.01c	inviable
SPBC1539.02	viable
SPBC1539.03c	viable
SPBC1539.04	viable
SPBC1539.05	inviable
SPBC1539.06	viable
SPBC1539.07c	viable
SPBC1539.08	viable
SPBC1539.09c	inviable
SPBC1539.10	viable
SPBC15C4.01c	viable
SPBC15C4.02	viable
SPBC15C4.03	inviable
SPBC15C4.04c	viable
SPBC15C4.05	viable
SPBC15C4.06c	viable
SPBC15D4.01c	viable
SPBC15D4.02	viable
SPBC15D4.03	viable
SPBC15D4.04	inviable
SPBC15D4.05	viable
SPBC15D4.06	viable
SPBC15D4.07c	viable
SPBC15D4.09c	viable
SPBC15D4.10c	viable
SPBC15D4.11c	inviable
SPBC15D4.12c	viable
SPBC15D4.13c	viable
SPBC15D4.14	inviable
SPBC15D4.15	viable
SPBC1604.01	viable
SPBC1604.02c	viable
SPBC1604.03c	viable
SPBC1604.04	viable
SPBC1604.05	inviable
SPBC1604.06c	inviable
SPBC1604.07	viable
SPBC1604.08c	condition-dependent
SPBC1604.09c	viable
SPBC1604.10	inviable
SPBC1604.11	viable
SPBC1604.12	viable
SPBC1604.13c	inviable
SPBC1604.14c	inviable
SPBC1604.15	inviable
SPBC1604.16c	viable
SPBC1604.17c	inviable
SPBC1604.18c	viable
SPBC1604.19c	viable
SPBC1604.20c	viable
SPBC1604.21c	inviable
SPBC1652.01	viable
SPBC1652.02	viable
SPBC1677.02	inviable
SPBC1677.03c	inviable
SPBC1683.01	viable
SPBC1683.02	viable
SPBC1683.03c	viable
SPBC1683.04	viable
SPBC1683.05	viable
SPBC1683.06c	viable
SPBC1683.07	viable
SPBC1683.08	viable
SPBC1683.09c	viable
SPBC1683.10c	viable
SPBC1683.11c	viable
SPBC1683.12	viable
SPBC1683.13c	viable
SPBC1685.01	viable
SPBC1685.02c	viable
SPBC1685.03	inviable
SPBC1685.04	viable
SPBC1685.05	viable
SPBC1685.06	viable
SPBC1685.07c	viable
SPBC1685.08	viable
SPBC1685.09	viable
SPBC1685.10	viable
SPBC1685.11	viable
SPBC1685.13	viable
SPBC1685.14c	viable
SPBC1685.15c	viable
SPBC1685.16	inviable
SPBC16A3.01	viable
SPBC16A3.02c	viable
SPBC16A3.03c	viable
SPBC16A3.04	inviable
SPBC16A3.05c	inviable
SPBC16A3.06	viable
SPBC16A3.07c	viable
SPBC16A3.08c	viable
SPBC16A3.09c	inviable
SPBC16A3.10	viable
SPBC16A3.11	inviable
SPBC16A3.12c	viable
SPBC16A3.13	viable
SPBC16A3.14	viable
SPBC16A3.15c	inviable
SPBC16A3.16	viable
SPBC16A3.17c	viable
SPBC16A3.18	viable
SPBC16A3.19	viable
SPBC16C6.01c	viable
SPBC16C6.02c	viable
SPBC16C6.03c	viable
SPBC16C6.04	viable
SPBC16C6.05	viable
SPBC16C6.06	viable
SPBC16C6.07c	inviable
SPBC16C6.08c	viable
SPBC16C6.09	viable
SPBC16C6.10	viable
SPBC16C6.11	viable
SPBC16C6.12c	inviable
SPBC16C6.13c	inviable
SPBC16D10.01c	viable
SPBC16D10.02	viable
SPBC16D10.03	viable
SPBC16D10.04c	inviable
SPBC16D10.05	viable
SPBC16D10.06	viable
SPBC16D10.07c	viable
SPBC16D10.08c	viable
SPBC16D10.09	inviable
SPBC16D10.10	inviable
SPBC16D10.11c	viable
SPBC16E9.01c	viable
SPBC16E9.02c	viable
SPBC16E9.03c	viable
SPBC16E9.05	inviable
SPBC16E9.06c	viable
SPBC16E9.07	viable
SPBC16E9.08	viable
SPBC16E9.09c	viable
SPBC16E9.10c	inviable
SPBC16E9.11c	viable
SPBC16E9.12c	viable
SPBC16E9.13	viable
SPBC16E9.14c	viable
SPBC16E9.15	viable
SPBC16E9.16c	viable
SPBC16E9.17c	viable
SPBC16E9.18	viable
SPBC16E9.19	viable
SPBC16G5.01	inviable
SPBC16G5.02c	viable
SPBC16G5.03	viable
SPBC16G5.04	inviable
SPBC16G5.05c	viable
SPBC16G5.06	viable
SPBC16G5.07c	viable
SPBC16G5.08	inviable
SPBC16G5.09	viable
SPBC16G5.10	inviable
SPBC16G5.11c	viable
SPBC16G5.12c	inviable
SPBC16G5.13	viable
SPBC16G5.14c	inviable
SPBC16G5.15c	viable
SPBC16G5.16	viable
SPBC16G5.17	viable
SPBC16G5.18	inviable
SPBC16G5.19	viable
SPBC16H5.02	inviable
SPBC16H5.03c	viable
SPBC16H5.04	viable
SPBC16H5.05c	viable
SPBC16H5.06	viable
SPBC16H5.07c	viable
SPBC16H5.08c	viable
SPBC16H5.09c	viable
SPBC16H5.10c	inviable
SPBC16H5.11c	viable
SPBC16H5.12c	viable
SPBC16H5.13	viable
SPBC16H5.15	inviable
SPBC1703.01c	inviable
SPBC1703.02	inviable
SPBC1703.03c	viable
SPBC1703.04	viable
SPBC1703.05	inviable
SPBC1703.06	viable
SPBC1703.07	viable
SPBC1703.08c	viable
SPBC1703.09	viable
SPBC1703.10	inviable
SPBC1703.11	viable
SPBC1703.12	viable
SPBC1703.13c	viable
SPBC1703.14c	viable
SPBC1703.15c	viable
SPBC1706.01	viable
SPBC1706.03	viable
SPBC1709.01	viable
SPBC1709.02c	inviable
SPBC1709.03	viable
SPBC1709.04c	viable
SPBC1709.05	viable
SPBC1709.06	viable
SPBC1709.07	inviable
SPBC1709.08	inviable
SPBC1709.09	viable
SPBC1709.10c	viable
SPBC1709.11c	viable
SPBC1709.12	viable
SPBC1709.13c	viable
SPBC1709.14	viable
SPBC1709.15c	inviable
SPBC1709.16c	viable
SPBC1709.17	inviable
SPBC1709.18	viable
SPBC1709.20	inviable
SPBC1711.01c	viable
SPBC1711.02	viable
SPBC1711.03	viable
SPBC1711.04	viable
SPBC1711.05	viable
SPBC1711.06	viable
SPBC1711.07	inviable
SPBC1711.08	viable
SPBC1711.09c	viable
SPBC1711.10c	inviable
SPBC1711.11	viable
SPBC1711.12	viable
SPBC1711.13	viable
SPBC1711.14	viable
SPBC1711.15c	viable
SPBC1711.16	inviable
SPBC1711.17	inviable
SPBC1718.01	viable
SPBC1718.02	viable
SPBC1718.03	viable
SPBC1718.04	inviable
SPBC1718.05	inviable
SPBC1718.06	condition-dependent
SPBC1718.07c	viable
SPBC1734.01c	inviable
SPBC1734.02c	inviable
SPBC1734.03	inviable
SPBC1734.04	viable
SPBC1734.05c	viable
SPBC1734.06	viable
SPBC1734.07c	viable
SPBC1734.08	viable
SPBC1734.09	viable
SPBC1734.10c	inviable
SPBC1734.11	viable
SPBC1734.12c	viable
SPBC1734.13	viable
SPBC1734.14c	inviable
SPBC1734.15	viable
SPBC1734.16c	inviable
SPBC1773.01	viable
SPBC1773.02c	viable
SPBC1773.03c	viable
SPBC1773.04	viable
SPBC1773.05c	viable
SPBC1773.06c	viable
SPBC1773.07c	inviable
SPBC1773.08c	viable
SPBC1773.09c	viable
SPBC1773.10c	inviable
SPBC1773.11c	inviable
SPBC1773.12	viable
SPBC1773.13	viable
SPBC1773.14	viable
SPBC1773.15	viable
SPBC1773.16c	viable
SPBC1773.17c	viable
SPBC1778.01c	viable
SPBC1778.02	viable
SPBC1778.03c	viable
SPBC1778.04	viable
SPBC1778.05c	viable
SPBC1778.06c	viable
SPBC1778.07	viable
SPBC1778.08c	inviable
SPBC1778.09	viable
SPBC1778.10c	viable
SPBC17A3.01c	inviable
SPBC17A3.02	viable
SPBC17A3.03c	viable
SPBC17A3.04c	inviable
SPBC17A3.05c	viable
SPBC17A3.06	viable
SPBC17A3.07	inviable
SPBC17A3.08	viable
SPBC17A3.09c	viable
SPBC17A3.10	viable
SPBC17D1.01	inviable
SPBC17D1.02	viable
SPBC17D1.03c	inviable
SPBC17D1.04	inviable
SPBC17D1.05	viable
SPBC17D1.06	viable
SPBC17D1.07c	viable
SPBC17D11.01	viable
SPBC17D11.02c	viable
SPBC17D11.03c	viable
SPBC17D11.04c	viable
SPBC17D11.05	inviable
SPBC17D11.06	inviable
SPBC17D11.07c	inviable
SPBC17D11.08	viable
SPBC17F3.01c	viable
SPBC17F3.02	inviable
SPBC17G9.02c	viable
SPBC17G9.03c	inviable
SPBC17G9.04c	inviable
SPBC17G9.05	condition-dependent
SPBC17G9.06c	viable
SPBC17G9.07	viable
SPBC17G9.08c	viable
SPBC17G9.09	viable
SPBC17G9.10	viable
SPBC17G9.11c	inviable
SPBC17G9.12c	viable
SPBC17G9.13c	inviable
SPBC1815.01	viable
SPBC1826.01c	inviable
SPBC1861.01c	viable
SPBC1861.02	viable
SPBC1861.03	viable
SPBC1861.04c	inviable
SPBC1861.05	condition-dependent
SPBC1861.06c	viable
SPBC1861.07	viable
SPBC1861.08c	inviable
SPBC1861.09	viable
SPBC18A7.01	viable
SPBC18A7.02c	viable
SPBC18E5.01	viable
SPBC18E5.02c	inviable
SPBC18E5.03c	inviable
SPBC18E5.04	viable
SPBC18E5.05c	viable
SPBC18E5.06	inviable
SPBC18E5.07	viable
SPBC18E5.08	viable
SPBC18E5.09c	viable
SPBC18E5.10	viable
SPBC18E5.11c	viable
SPBC18E5.12c	inviable
SPBC18E5.13	viable
SPBC18E5.14c	viable
SPBC18H10.02	viable
SPBC18H10.03	inviable
SPBC18H10.04c	viable
SPBC18H10.05	viable
SPBC18H10.06c	viable
SPBC18H10.07	viable
SPBC18H10.08c	viable
SPBC18H10.09	viable
SPBC18H10.10c	viable
SPBC18H10.11c	viable
SPBC18H10.12c	inviable
SPBC18H10.13	viable
SPBC18H10.14	inviable
SPBC18H10.15	viable
SPBC18H10.16	viable
SPBC18H10.17c	inviable
SPBC18H10.18c	viable
SPBC18H10.19	viable
SPBC18H10.20c	viable
SPBC1921.01c	viable
SPBC1921.02	inviable
SPBC1921.03c	viable
SPBC1921.04c	viable
SPBC1921.05	viable
SPBC1921.06c	viable
SPBC1921.07c	viable
SPBC19C2.01	inviable
SPBC19C2.02	viable
SPBC19C2.03	inviable
SPBC19C2.04c	viable
SPBC19C2.05	inviable
SPBC19C2.06c	viable
SPBC19C2.07	inviable
SPBC19C2.08	inviable
SPBC19C2.09	viable
SPBC19C2.10	viable
SPBC19C2.11c	inviable
SPBC19C2.12	inviable
SPBC19C2.13c	viable
SPBC19C2.14	viable
SPBC19C2.15c	inviable
SPBC19C7.01	viable
SPBC19C7.02	viable
SPBC19C7.03	viable
SPBC19C7.04c	viable
SPBC19C7.05	viable
SPBC19C7.06	inviable
SPBC19C7.07c	inviable
SPBC19C7.08c	viable
SPBC19C7.09c	viable
SPBC19C7.10	viable
SPBC19C7.11	viable
SPBC19C7.12c	viable
SPBC19F5.01c	viable
SPBC19F5.02c	inviable
SPBC19F5.03	inviable
SPBC19F5.04	inviable
SPBC19F5.05c	inviable
SPBC19F8.01c	viable
SPBC19F8.02	viable
SPBC19F8.03c	viable
SPBC19F8.04c	viable
SPBC19F8.05	inviable
SPBC19F8.06c	viable
SPBC19F8.07	inviable
SPBC19F8.08	viable
SPBC19G7.01c	viable
SPBC19G7.02	viable
SPBC19G7.03c	viable
SPBC19G7.04	viable
SPBC19G7.05c	inviable
SPBC19G7.06	viable
SPBC19G7.07c	viable
SPBC19G7.08c	viable
SPBC19G7.09	viable
SPBC19G7.10c	viable
SPBC19G7.13	inviable
SPBC19G7.14c	inviable
SPBC19G7.15	inviable
SPBC19G7.16	viable
SPBC19G7.17	viable
SPBC19G7.18c	viable
SPBC1A4.01	inviable
SPBC1A4.02c	viable
SPBC1A4.03c	inviable
SPBC1A4.04	viable
SPBC1A4.05	viable
SPBC1A4.06c	inviable
SPBC1A4.07c	inviable
SPBC1A4.08c	inviable
SPBC1A4.09	viable
SPBC1A4.10c	inviable
SPBC1A4.11c	inviable
SPBC1D7.01	viable
SPBC1D7.03	viable
SPBC1D7.04	viable
SPBC1D7.05	viable
SPBC1E8.02	viable
SPBC1E8.03c	viable
SPBC1E8.05	viable
SPBC20F10.01	inviable
SPBC20F10.02c	viable
SPBC20F10.03	viable
SPBC20F10.04c	inviable
SPBC20F10.05	viable
SPBC20F10.06	viable
SPBC20F10.07	viable
SPBC20F10.08c	inviable
SPBC20F10.09	inviable
SPBC20F10.10	viable
SPBC21.01	inviable
SPBC21.02	viable
SPBC21.03c	viable
SPBC21.04	inviable
SPBC21.05c	viable
SPBC21.06c	inviable
SPBC21.07c	viable
SPBC211.01	inviable
SPBC211.02c	inviable
SPBC211.03c	inviable
SPBC211.04c	inviable
SPBC211.06	viable
SPBC211.07c	viable
SPBC211.08c	inviable
SPBC215.01	viable
SPBC215.02	viable
SPBC215.03c	viable
SPBC215.04	viable
SPBC215.05	viable
SPBC215.06c	viable
SPBC215.07c	viable
SPBC215.08c	viable
SPBC215.09c	inviable
SPBC215.10	viable
SPBC215.11c	viable
SPBC215.12	inviable
SPBC215.13	viable
SPBC215.14c	viable
SPBC215.15	inviable
SPBC216.01c	viable
SPBC216.02	viable
SPBC216.03	viable
SPBC216.04c	viable
SPBC216.05	viable
SPBC216.06c	viable
SPBC216.07c	inviable
SPBC21B10.02	viable
SPBC21B10.03c	viable
SPBC21B10.04c	viable
SPBC21B10.05c	viable
SPBC21B10.06c	viable
SPBC21B10.07	viable
SPBC21B10.08c	viable
SPBC21B10.09	viable
SPBC21B10.10	viable
SPBC21B10.11	inviable
SPBC21B10.12	viable
SPBC21B10.13c	viable
SPBC21C3.01c	viable
SPBC21C3.02c	viable
SPBC21C3.03	viable
SPBC21C3.04c	inviable
SPBC21C3.05	inviable
SPBC21C3.06	viable
SPBC21C3.07c	viable
SPBC21C3.08c	viable
SPBC21C3.09c	viable
SPBC21C3.10c	inviable
SPBC21C3.11	viable
SPBC21C3.12c	viable
SPBC21C3.13	viable
SPBC21C3.14c	viable
SPBC21C3.15c	viable
SPBC21C3.16c	viable
SPBC21C3.17c	viable
SPBC21C3.18	viable
SPBC21C3.19	viable
SPBC21C3.20c	viable
SPBC21D10.05c	inviable
SPBC21D10.06c	viable
SPBC21D10.07	viable
SPBC21D10.08c	viable
SPBC21D10.09c	viable
SPBC21D10.10	viable
SPBC21D10.11c	viable
SPBC21D10.12	viable
SPBC21H7.02	inviable
SPBC21H7.03c	viable
SPBC21H7.04	viable
SPBC21H7.05	inviable
SPBC21H7.06c	viable
SPBC21H7.07c	viable
SPBC23E6.01c	viable
SPBC23E6.02	viable
SPBC23E6.03c	viable
SPBC23E6.04c	inviable
SPBC23E6.05	viable
SPBC23E6.06c	inviable
SPBC23E6.07c	inviable
SPBC23E6.08	viable
SPBC23E6.09	condition-dependent
SPBC23E6.10c	viable
SPBC23G7.04c	viable
SPBC23G7.05	inviable
SPBC23G7.06c	viable
SPBC23G7.07c	viable
SPBC23G7.08c	viable
SPBC23G7.09	viable
SPBC23G7.10c	viable
SPBC23G7.11	viable
SPBC23G7.12c	condition-dependent
SPBC23G7.13c	viable
SPBC23G7.14	viable
SPBC23G7.15c	viable
SPBC23G7.16	viable
SPBC23G7.17c	viable
SPBC244.01c	inviable
SPBC244.02c	inviable
SPBC24C6.02	inviable
SPBC24C6.03	inviable
SPBC24C6.04	viable
SPBC24C6.05	viable
SPBC24C6.06	viable
SPBC24C6.07	inviable
SPBC24C6.08c	viable
SPBC24C6.09c	viable
SPBC24C6.10c	viable
SPBC24C6.11	viable
SPBC25B2.01	viable
SPBC25B2.02c	viable
SPBC25B2.03	viable
SPBC25B2.04c	viable
SPBC25B2.05	inviable
SPBC25B2.06c	viable
SPBC25B2.07c	viable
SPBC25B2.08	viable
SPBC25B2.09c	inviable
SPBC25B2.10	viable
SPBC25B2.11	viable
SPBC25D12.02c	viable
SPBC25D12.03c	inviable
SPBC25D12.04	inviable
SPBC25D12.05	viable
SPBC25D12.06	viable
SPBC25H2.02	inviable
SPBC25H2.03	viable
SPBC25H2.04c	inviable
SPBC25H2.05	viable
SPBC25H2.06c	inviable
SPBC25H2.07	inviable
SPBC25H2.08c	viable
SPBC25H2.09	viable
SPBC25H2.10c	viable
SPBC25H2.11c	viable
SPBC25H2.12c	inviable
SPBC25H2.13c	inviable
SPBC25H2.14	viable
SPBC25H2.15	viable
SPBC25H2.16c	viable
SPBC26H8.01	viable
SPBC26H8.02c	inviable
SPBC26H8.03	viable
SPBC26H8.04c	viable
SPBC26H8.05c	viable
SPBC26H8.06	inviable
SPBC26H8.07c	inviable
SPBC26H8.08c	viable
SPBC26H8.09c	viable
SPBC26H8.10	inviable
SPBC26H8.11c	viable
SPBC26H8.12	viable
SPBC26H8.13c	viable
SPBC26H8.14c	viable
SPBC27.01c	inviable
SPBC27.02c	viable
SPBC27.03	viable
SPBC27.04	viable
SPBC27.06c	viable
SPBC27.08c	viable
SPBC27B12.01c	inviable
SPBC27B12.02	inviable
SPBC27B12.03c	viable
SPBC27B12.04c	viable
SPBC27B12.05	viable
SPBC27B12.06	inviable
SPBC27B12.07	viable
SPBC27B12.08	viable
SPBC27B12.09c	viable
SPBC27B12.10c	viable
SPBC27B12.11c	viable
SPBC27B12.12c	inviable
SPBC27B12.13	inviable
SPBC28E12.01c	inviable
SPBC28E12.02	viable
SPBC28E12.03	viable
SPBC28E12.04	viable
SPBC28E12.05	inviable
SPBC28E12.06c	viable
SPBC28F2.02	viable
SPBC28F2.03	viable
SPBC28F2.04c	inviable
SPBC28F2.05c	viable
SPBC28F2.06c	inviable
SPBC28F2.07	viable
SPBC28F2.08c	viable
SPBC28F2.09	inviable
SPBC28F2.10c	viable
SPBC28F2.11	viable
SPBC28F2.12	inviable
SPBC29A10.01	viable
SPBC29A10.02	viable
SPBC29A10.03c	viable
SPBC29A10.04	condition-dependent
SPBC29A10.05	viable
SPBC29A10.06c	viable
SPBC29A10.07	viable
SPBC29A10.08	viable
SPBC29A10.09c	viable
SPBC29A10.10c	viable
SPBC29A10.11c	viable
SPBC29A10.12	viable
SPBC29A10.13	viable
SPBC29A10.14	viable
SPBC29A10.15	inviable
SPBC29A10.16c	viable
SPBC29A3.01	viable
SPBC29A3.02c	viable
SPBC29A3.03c	viable
SPBC29A3.04	inviable
SPBC29A3.05	viable
SPBC29A3.06	inviable
SPBC29A3.07c	viable
SPBC29A3.08	viable
SPBC29A3.09c	viable
SPBC29A3.10c	viable
SPBC29A3.11c	viable
SPBC29A3.12	viable
SPBC29A3.13	viable
SPBC29A3.14c	viable
SPBC29A3.15c	inviable
SPBC29A3.16	inviable
SPBC29A3.17	viable
SPBC29A3.18	viable
SPBC29A3.21	viable
SPBC29B5.01	viable
SPBC29B5.02c	viable
SPBC29B5.03c	viable
SPBC29B5.04c	viable
SPBC2A9.02	viable
SPBC2A9.03	viable
SPBC2A9.04c	viable
SPBC2A9.05c	viable
SPBC2A9.06c	condition-dependent
SPBC2A9.07c	viable
SPBC2A9.08c	inviable
SPBC2A9.09	inviable
SPBC2A9.10	inviable
SPBC2A9.11c	viable
SPBC2A9.12	inviable
SPBC2A9.13	viable
SPBC2D10.03c	viable
SPBC2D10.04	viable
SPBC2D10.05	viable
SPBC2D10.06	viable
SPBC2D10.07c	viable
SPBC2D10.08c	inviable
SPBC2D10.09	viable
SPBC2D10.10c	viable
SPBC2D10.11c	condition-dependent
SPBC2D10.12	viable
SPBC2D10.13	viable
SPBC2D10.14c	viable
SPBC2D10.15c	viable
SPBC2D10.16	viable
SPBC2D10.17	viable
SPBC2D10.18	condition-dependent
SPBC2D10.19c	viable
SPBC2D10.20	viable
SPBC2F12.02c	inviable
SPBC2F12.03c	viable
SPBC2F12.04	viable
SPBC2F12.05c	viable
SPBC2F12.07c	viable
SPBC2F12.08c	inviable
SPBC2F12.09c	viable
SPBC2F12.10	inviable
SPBC2F12.11c	viable
SPBC2F12.12c	viable
SPBC2F12.13	viable
SPBC2F12.14c	inviable
SPBC2F12.15c	viable
SPBC2G2.01c	viable
SPBC2G2.02	viable
SPBC2G2.03c	viable
SPBC2G2.04c	inviable
SPBC2G2.05	viable
SPBC2G2.06c	viable
SPBC2G2.07c	viable
SPBC2G2.08	viable
SPBC2G2.09c	viable
SPBC2G2.10c	viable
SPBC2G2.11	inviable
SPBC2G2.12	inviable
SPBC2G2.13c	viable
SPBC2G2.14	viable
SPBC2G2.15c	viable
SPBC2G2.16	inviable
SPBC2G2.17c	viable
SPBC2G5.01	viable
SPBC2G5.02c	viable
SPBC2G5.03	viable
SPBC2G5.04c	viable
SPBC2G5.05	inviable
SPBC2G5.06c	viable
SPBC2G5.07c	inviable
SPBC30B4.01c	viable
SPBC30B4.02c	viable
SPBC30B4.03c	viable
SPBC30B4.04c	viable
SPBC30B4.05	inviable
SPBC30B4.06c	viable
SPBC30B4.07c	inviable
SPBC30B4.08	viable
SPBC30D10.02	inviable
SPBC30D10.03c	viable
SPBC30D10.04	viable
SPBC30D10.05c	viable
SPBC30D10.06	inviable
SPBC30D10.07c	inviable
SPBC30D10.08	inviable
SPBC30D10.09c	viable
SPBC30D10.10c	viable
SPBC30D10.11	inviable
SPBC30D10.12c	inviable
SPBC30D10.13c	viable
SPBC30D10.14	viable
SPBC30D10.15	inviable
SPBC30D10.16	viable
SPBC30D10.17c	inviable
SPBC30D10.18c	viable
SPBC317.01	viable
SPBC31A8.01c	viable
SPBC31E1.01c	viable
SPBC31E1.02c	viable
SPBC31E1.03	inviable
SPBC31E1.04	condition-dependent
SPBC31E1.05	inviable
SPBC31E1.06	inviable
SPBC31F10.02	viable
SPBC31F10.03	viable
SPBC31F10.04c	inviable
SPBC31F10.05	viable
SPBC31F10.06c	inviable
SPBC31F10.07	viable
SPBC31F10.08	viable
SPBC31F10.09c	viable
SPBC31F10.10c	viable
SPBC31F10.11c	inviable
SPBC31F10.12	viable
SPBC31F10.13c	viable
SPBC31F10.14c	viable
SPBC31F10.15c	viable
SPBC31F10.16	viable
SPBC31F10.17c	viable
SPBC32C12.02	condition-dependent
SPBC32C12.03c	viable
SPBC32F12.01c	viable
SPBC32F12.02	viable
SPBC32F12.03c	viable
SPBC32F12.04	inviable
SPBC32F12.05c	viable
SPBC32F12.06	inviable
SPBC32F12.07c	viable
SPBC32F12.08c	viable
SPBC32F12.09	viable
SPBC32F12.10	inviable
SPBC32F12.11	viable
SPBC32F12.12c	viable
SPBC32H8.01c	viable
SPBC32H8.02c	viable
SPBC32H8.03	viable
SPBC32H8.04c	inviable
SPBC32H8.05	viable
SPBC32H8.06	viable
SPBC32H8.07	viable
SPBC32H8.08c	viable
SPBC32H8.09	viable
SPBC32H8.10	inviable
SPBC32H8.11	viable
SPBC32H8.12c	inviable
SPBC32H8.13c	viable
SPBC336.01	viable
SPBC336.02	inviable
SPBC336.03	viable
SPBC336.04	inviable
SPBC336.05c	viable
SPBC336.06c	viable
SPBC336.07	inviable
SPBC336.08	inviable
SPBC336.09c	inviable
SPBC336.10c	viable
SPBC336.11	inviable
SPBC336.12c	inviable
SPBC336.13c	viable
SPBC336.14c	viable
SPBC336.15	inviable
SPBC337.02c	viable
SPBC337.03	viable
SPBC337.04	viable
SPBC337.05c	inviable
SPBC337.06c	inviable
SPBC337.07c	viable
SPBC337.08c	viable
SPBC337.09	viable
SPBC337.10c	viable
SPBC337.11	viable
SPBC337.12	inviable
SPBC337.13c	inviable
SPBC337.14	inviable
SPBC337.15c	condition-dependent
SPBC337.16	viable
SPBC342.01c	viable
SPBC342.02	inviable
SPBC342.03	viable
SPBC342.04	viable
SPBC342.05	viable
SPBC342.06c	viable
SPBC354.01	viable
SPBC354.02c	inviable
SPBC354.03	viable
SPBC354.04	viable
SPBC354.05c	viable
SPBC354.06	inviable
SPBC354.07c	viable
SPBC354.08c	viable
SPBC354.09c	viable
SPBC354.10	viable
SPBC354.12	viable
SPBC354.13	viable
SPBC354.14c	viable
SPBC354.15	viable
SPBC359.01	viable
SPBC359.02	inviable
SPBC359.03c	viable
SPBC359.04c	viable
SPBC359.05	viable
SPBC359.06	viable
SPBC36.01c	viable
SPBC36.02c	viable
SPBC36.03c	viable
SPBC36.04	condition-dependent
SPBC36.05c	inviable
SPBC36.06c	condition-dependent
SPBC36.07	viable
SPBC36.08c	inviable
SPBC36.09	inviable
SPBC36.10	viable
SPBC36.11	viable
SPBC36.12c	inviable
SPBC365.01	viable
SPBC365.02c	viable
SPBC365.03c	viable
SPBC365.04c	viable
SPBC365.05c	inviable
SPBC365.06	viable
SPBC365.07c	viable
SPBC365.08c	viable
SPBC365.09c	inviable
SPBC365.10	viable
SPBC365.11	viable
SPBC365.12c	viable
SPBC365.13c	viable
SPBC365.14c	viable
SPBC365.15	inviable
SPBC365.16	viable
SPBC365.20c	viable
SPBC36B7.02	viable
SPBC36B7.03	viable
SPBC36B7.04	viable
SPBC36B7.05c	viable
SPBC36B7.06c	viable
SPBC36B7.07	condition-dependent
SPBC36B7.08c	viable
SPBC36B7.09	inviable
SPBC3B8.01c	inviable
SPBC3B8.02	viable
SPBC3B8.03	viable
SPBC3B8.04c	viable
SPBC3B8.05	viable
SPBC3B8.06	viable
SPBC3B8.07c	viable
SPBC3B8.08	viable
SPBC3B8.09	inviable
SPBC3B8.10c	viable
SPBC3B8.11	inviable
SPBC3B9.01	inviable
SPBC3B9.02c	inviable
SPBC3B9.03	inviable
SPBC3B9.04	viable
SPBC3B9.05	viable
SPBC3B9.06c	viable
SPBC3B9.07c	inviable
SPBC3B9.08c	viable
SPBC3B9.09	viable
SPBC3B9.10	inviable
SPBC3B9.11c	viable
SPBC3B9.12	inviable
SPBC3B9.13c	viable
SPBC3B9.14c	inviable
SPBC3B9.15c	viable
SPBC3B9.16c	inviable
SPBC3B9.17	inviable
SPBC3B9.18c	inviable
SPBC3B9.19	inviable
SPBC3B9.21	inviable
SPBC3D6.02	viable
SPBC3D6.03c	inviable
SPBC3D6.04c	viable
SPBC3D6.05	viable
SPBC3D6.06c	viable
SPBC3D6.07	inviable
SPBC3D6.08c	viable
SPBC3D6.09	viable
SPBC3D6.10	viable
SPBC3D6.11c	inviable
SPBC3D6.12	inviable
SPBC3D6.13c	viable
SPBC3D6.15	viable
SPBC3E7.01	viable
SPBC3E7.02c	viable
SPBC3E7.05c	viable
SPBC3E7.06c	viable
SPBC3E7.07c	viable
SPBC3E7.08c	viable
SPBC3E7.09	viable
SPBC3E7.10	viable
SPBC3E7.11c	viable
SPBC3E7.12c	viable
SPBC3E7.13c	inviable
SPBC3E7.14	inviable
SPBC3E7.15c	viable
SPBC3E7.16c	viable
SPBC3F6.01c	viable
SPBC3F6.02c	inviable
SPBC3F6.03	viable
SPBC3F6.04c	inviable
SPBC3F6.05	viable
SPBC3H7.01	inviable
SPBC3H7.02	viable
SPBC3H7.03c	viable
SPBC3H7.04	inviable
SPBC3H7.05c	viable
SPBC3H7.06c	viable
SPBC3H7.07c	viable
SPBC3H7.08c	viable
SPBC3H7.09	viable
SPBC3H7.10	viable
SPBC3H7.11	viable
SPBC3H7.12	viable
SPBC3H7.13	viable
SPBC3H7.14	viable
SPBC3H7.15	condition-dependent
SPBC4.01	viable
SPBC4.02c	viable
SPBC4.03c	inviable
SPBC4.04c	inviable
SPBC4.05	viable
SPBC4.06	viable
SPBC4.07c	inviable
SPBC405.01	viable
SPBC405.02c	viable
SPBC405.03c	viable
SPBC405.04c	viable
SPBC405.05	viable
SPBC405.06	viable
SPBC405.07	viable
SPBC409.03	viable
SPBC409.04c	inviable
SPBC409.05	inviable
SPBC409.06	viable
SPBC409.07c	viable
SPBC409.08	viable
SPBC409.09c	inviable
SPBC409.10	viable
SPBC409.11	viable
SPBC409.12c	inviable
SPBC409.13	inviable
SPBC409.14c	inviable
SPBC409.15	inviable
SPBC409.16c	viable
SPBC409.17c	viable
SPBC409.18	viable
SPBC409.19c	viable
SPBC409.20c	viable
SPBC409.21	inviable
SPBC418.01c	viable
SPBC418.02	viable
SPBC428.01c	inviable
SPBC428.02c	viable
SPBC428.03c	viable
SPBC428.04	viable
SPBC428.05c	viable
SPBC428.06c	viable
SPBC428.07	viable
SPBC428.08c	viable
SPBC428.10	viable
SPBC428.11	viable
SPBC428.12c	viable
SPBC428.13c	inviable
SPBC428.14	viable
SPBC428.15	viable
SPBC428.16c	inviable
SPBC428.17c	viable
SPBC428.18	inviable
SPBC428.19c	condition-dependent
SPBC428.20c	inviable
SPBC4B4.01c	inviable
SPBC4B4.02c	viable
SPBC4B4.03	viable
SPBC4B4.04	viable
SPBC4B4.05	inviable
SPBC4B4.06	viable
SPBC4B4.07c	viable
SPBC4B4.08	viable
SPBC4B4.09	inviable
SPBC4B4.10c	viable
SPBC4B4.11	viable
SPBC4B4.12c	viable
SPBC4C3.03	inviable
SPBC4C3.04c	viable
SPBC4C3.05c	inviable
SPBC4C3.06	viable
SPBC4C3.07	inviable
SPBC4C3.08	viable
SPBC4C3.09	viable
SPBC4C3.10c	inviable
SPBC4C3.12	viable
SPBC4F6.04	viable
SPBC4F6.05c	viable
SPBC4F6.06	viable
SPBC4F6.07c	inviable
SPBC4F6.08c	viable
SPBC4F6.09	viable
SPBC4F6.10	viable
SPBC4F6.11c	viable
SPBC4F6.12	viable
SPBC4F6.13c	inviable
SPBC4F6.14	inviable
SPBC4F6.15c	viable
SPBC4F6.16c	viable
SPBC4F6.17c	inviable
SPBC4F6.18c	inviable
SPBC530.01	viable
SPBC530.02	viable
SPBC530.03c	viable
SPBC530.04	viable
SPBC530.05	viable
SPBC530.06c	viable
SPBC530.07c	viable
SPBC530.08	viable
SPBC530.09c	viable
SPBC530.10c	viable
SPBC530.11c	viable
SPBC530.12c	inviable
SPBC530.13	viable
SPBC530.14c	viable
SPBC530.15c	viable
SPBC530.16	inviable
SPBC543.02c	viable
SPBC543.03c	viable
SPBC543.04	inviable
SPBC543.05c	viable
SPBC543.06c	inviable
SPBC543.07	viable
SPBC543.08	viable
SPBC543.09	viable
SPBC543.10	viable
SPBC557.02c	viable
SPBC557.03c	inviable
SPBC557.04	viable
SPBC557.05	viable
SPBC56F2.01	viable
SPBC56F2.02	viable
SPBC56F2.03	viable
SPBC56F2.04	viable
SPBC56F2.05c	viable
SPBC56F2.06	viable
SPBC56F2.07c	inviable
SPBC56F2.08c	viable
SPBC56F2.09c	viable
SPBC56F2.10c	viable
SPBC56F2.11	viable
SPBC56F2.12	viable
SPBC56F2.14	viable
SPBC577.02	viable
SPBC577.03c	viable
SPBC577.04	viable
SPBC577.05c	viable
SPBC577.06c	viable
SPBC577.07	inviable
SPBC577.08c	viable
SPBC577.09	inviable
SPBC577.10	inviable
SPBC577.11	viable
SPBC577.12	viable
SPBC577.13	viable
SPBC577.14c	viable
SPBC577.15c	viable
SPBC582.03	inviable
SPBC582.04c	viable
SPBC582.05c	viable
SPBC582.06c	viable
SPBC582.07c	inviable
SPBC582.08	viable
SPBC582.09	viable
SPBC582.10c	viable
SPBC609.01	inviable
SPBC609.02	viable
SPBC609.03	viable
SPBC609.04	viable
SPBC609.05	viable
SPBC646.02	viable
SPBC646.03	inviable
SPBC646.04	inviable
SPBC646.05c	inviable
SPBC646.06c	viable
SPBC646.07c	inviable
SPBC646.08c	viable
SPBC646.09c	viable
SPBC646.10c	inviable
SPBC646.11	inviable
SPBC646.12c	viable
SPBC646.13	viable
SPBC646.14c	inviable
SPBC646.15c	viable
SPBC646.16	inviable
SPBC646.17c	viable
SPBC649.02	viable
SPBC649.03	viable
SPBC649.04	viable
SPBC649.05	inviable
SPBC651.01c	inviable
SPBC651.02	viable
SPBC651.03c	viable
SPBC651.04	viable
SPBC651.05c	viable
SPBC651.06	viable
SPBC651.07	viable
SPBC651.08c	inviable
SPBC651.09c	viable
SPBC651.10	viable
SPBC651.11c	viable
SPBC651.12c	viable
SPBC660.05	viable
SPBC660.06	viable
SPBC660.07	viable
SPBC660.08	viable
SPBC660.09	viable
SPBC660.10	viable
SPBC660.11	viable
SPBC660.12c	viable
SPBC660.13c	inviable
SPBC660.14	viable
SPBC660.15	inviable
SPBC660.16	inviable
SPBC660.17c	viable
SPBC685.02	viable
SPBC685.03	viable
SPBC685.04c	viable
SPBC685.05	inviable
SPBC685.06	viable
SPBC685.07c	viable
SPBC685.08	viable
SPBC685.09	inviable
SPBC691.01	viable
SPBC691.02c	inviable
SPBC691.03c	viable
SPBC691.04	viable
SPBC691.05c	viable
SPBC6B1.02	viable
SPBC6B1.03c	viable
SPBC6B1.04	viable
SPBC6B1.05c	viable
SPBC6B1.06c	viable
SPBC6B1.07	inviable
SPBC6B1.08c	viable
SPBC6B1.09c	viable
SPBC6B1.10	viable
SPBC6B1.12c	viable
SPBC713.02c	viable
SPBC713.03	viable
SPBC713.04c	inviable
SPBC713.05	viable
SPBC713.06	viable
SPBC713.07c	viable
SPBC713.08	viable
SPBC713.09	viable
SPBC713.10	inviable
SPBC713.11c	viable
SPBC713.12	inviable
SPBC725.01	viable
SPBC725.02	viable
SPBC725.03	viable
SPBC725.04	viable
SPBC725.05c	viable
SPBC725.06c	viable
SPBC725.07	viable
SPBC725.08	inviable
SPBC725.09c	viable
SPBC725.10	viable
SPBC725.11c	condition-dependent
SPBC725.13c	inviable
SPBC725.14	viable
SPBC725.15	viable
SPBC725.16	inviable
SPBC725.17c	inviable
SPBC776.01	viable
SPBC776.02c	viable
SPBC776.03	viable
SPBC776.04	viable
SPBC776.05	viable
SPBC776.06c	viable
SPBC776.07	inviable
SPBC776.08c	inviable
SPBC776.09	viable
SPBC776.10c	inviable
SPBC776.11	viable
SPBC776.12c	inviable
SPBC776.13	inviable
SPBC776.14	viable
SPBC776.15c	viable
SPBC776.16	viable
SPBC776.17	viable
SPBC776.18c	inviable
SPBC800.02	viable
SPBC800.03	viable
SPBC800.04c	viable
SPBC800.05c	viable
SPBC800.06	inviable
SPBC800.07c	viable
SPBC800.08	viable
SPBC800.09	viable
SPBC800.10c	viable
SPBC800.11	viable
SPBC800.12c	viable
SPBC800.13	inviable
SPBC800.14c	viable
SPBC83.01	viable
SPBC83.02c	viable
SPBC83.03c	viable
SPBC83.04	viable
SPBC83.05	viable
SPBC83.06c	inviable
SPBC83.07	inviable
SPBC83.08	inviable
SPBC83.09c	viable
SPBC83.10	viable
SPBC83.11	viable
SPBC83.12	viable
SPBC83.13	viable
SPBC83.14c	inviable
SPBC83.15	inviable
SPBC83.16c	viable
SPBC83.17	viable
SPBC83.18c	viable
SPBC83.19c	viable
SPBC839.02	viable
SPBC839.03c	viable
SPBC839.04	viable
SPBC839.05c	viable
SPBC839.06	viable
SPBC839.07	viable
SPBC839.08c	condition-dependent
SPBC839.09c	inviable
SPBC839.10	inviable
SPBC839.11c	viable
SPBC839.12	inviable
SPBC839.13c	viable
SPBC839.14c	viable
SPBC839.15c	viable
SPBC839.16	viable
SPBC839.17c	viable
SPBC887.01	viable
SPBC887.02	viable
SPBC887.03c	inviable
SPBC887.04c	viable
SPBC887.05c	viable
SPBC887.06c	viable
SPBC887.07	inviable
SPBC887.08	viable
SPBC887.09c	inviable
SPBC887.10	viable
SPBC887.11	viable
SPBC887.12	inviable
SPBC887.13c	inviable
SPBC887.14c	inviable
SPBC887.15c	viable
SPBC887.17	viable
SPBC887.18c	viable
SPBC887.19	inviable
SPBC887.22	inviable
SPBC8D2.01	viable
SPBC8D2.02c	viable
SPBC8D2.03c	viable
SPBC8D2.04	viable
SPBC8D2.05c	inviable
SPBC8D2.06	inviable
SPBC8D2.07c	inviable
SPBC8D2.09c	inviable
SPBC8D2.10c	viable
SPBC8D2.11	viable
SPBC8D2.12c	viable
SPBC8D2.13	inviable
SPBC8D2.14c	inviable
SPBC8D2.15	inviable
SPBC8D2.16c	viable
SPBC8D2.17	viable
SPBC8D2.18c	viable
SPBC8D2.19	viable
SPBC8D2.20c	condition-dependent
SPBC8E4.01c	viable
SPBC8E4.02c	viable
SPBC8E4.03	viable
SPBC8E4.04	viable
SPBC8E4.05c	viable
SPBC902.02c	viable
SPBC902.03	viable
SPBC902.04	viable
SPBC902.05c	viable
SPBC902.06	viable
SPBC947.01	viable
SPBC947.02	viable
SPBC947.03c	viable
SPBC947.04	viable
SPBC947.05c	viable
SPBC947.06c	viable
SPBC947.07	inviable
SPBC947.08c	viable
SPBC947.09	viable
SPBC947.10	viable
SPBC947.11c	viable
SPBC947.12	condition-dependent
SPBC947.13	viable
SPBC947.14c	viable
SPBC947.15c	viable
SPBC9B6.03	viable
SPBC9B6.04c	inviable
SPBC9B6.05c	inviable
SPBC9B6.06	inviable
SPBC9B6.07	viable
SPBC9B6.08	inviable
SPBC9B6.09c	viable
SPBC9B6.10	inviable
SPBC9B6.11c	viable
SPBCPT2R1.01c	viable
SPBCPT2R1.02	viable
SPBCPT2R1.03	viable
SPBCPT2R1.04c	viable
SPBCPT2R1.08c	viable
SPBP16F5.02	inviable
SPBP16F5.03c	viable
SPBP16F5.04	viable
SPBP16F5.05c	viable
SPBP16F5.06	inviable
SPBP16F5.07	viable
SPBP16F5.08c	viable
SPBP18G5.02	inviable
SPBP18G5.03	viable
SPBP19A11.01	inviable
SPBP19A11.02c	viable
SPBP19A11.03c	inviable
SPBP19A11.04c	inviable
SPBP19A11.06	inviable
SPBP22H7.02c	inviable
SPBP22H7.03	inviable
SPBP22H7.04	viable
SPBP22H7.05c	viable
SPBP22H7.06	viable
SPBP22H7.07	inviable
SPBP22H7.08	viable
SPBP22H7.09c	inviable
SPBP23A10.02	viable
SPBP23A10.03c	viable
SPBP23A10.04	inviable
SPBP23A10.05	condition-dependent
SPBP23A10.06	inviable
SPBP23A10.07	inviable
SPBP23A10.08	inviable
SPBP23A10.09	inviable
SPBP23A10.10	viable
SPBP23A10.11c	viable
SPBP23A10.12	viable
SPBP23A10.13	inviable
SPBP23A10.14c	viable
SPBP23A10.15c	inviable
SPBP23A10.16	viable
SPBP26C9.02c	viable
SPBP26C9.03c	viable
SPBP35G2.02	viable
SPBP35G2.03c	viable
SPBP35G2.04c	viable
SPBP35G2.05c	viable
SPBP35G2.06c	viable
SPBP35G2.07	viable
SPBP35G2.08c	viable
SPBP35G2.09	inviable
SPBP35G2.10	viable
SPBP35G2.11c	viable
SPBP35G2.12	viable
SPBP35G2.13c	viable
SPBP35G2.14	viable
SPBP4G3.02	viable
SPBP4G3.03	viable
SPBP4H10.03	viable
SPBP4H10.04	viable
SPBP4H10.05c	viable
SPBP4H10.06c	inviable
SPBP4H10.07	viable
SPBP4H10.08	viable
SPBP4H10.09	viable
SPBP4H10.10	viable
SPBP4H10.11c	viable
SPBP4H10.12	viable
SPBP4H10.13	viable
SPBP4H10.14c	viable
SPBP4H10.15	inviable
SPBP4H10.16c	viable
SPBP4H10.17c	viable
SPBP4H10.18c	viable
SPBP4H10.19c	viable
SPBP4H10.20	viable
SPBP4H10.21c	inviable
SPBP8B7.01c	inviable
SPBP8B7.02	viable
SPBP8B7.03c	inviable
SPBP8B7.04	viable
SPBP8B7.05c	inviable
SPBP8B7.06	viable
SPBP8B7.07c	viable
SPBP8B7.08c	viable
SPBP8B7.09c	viable
SPBP8B7.10c	viable
SPBP8B7.11	viable
SPBP8B7.12c	inviable
SPBP8B7.13	viable
SPBP8B7.14c	inviable
SPBP8B7.15c	inviable
SPBP8B7.16c	inviable
SPBP8B7.17c	inviable
SPBP8B7.18c	viable
SPBP8B7.19	inviable
SPBP8B7.20c	inviable
SPBP8B7.21	viable
SPBP8B7.22	viable
SPBP8B7.23	viable
SPBP8B7.24c	viable
SPBP8B7.25	viable
SPBP8B7.26	viable
SPBP8B7.27	viable
SPBP8B7.28c	viable
SPBP8B7.29	inviable
SPBP8B7.30c	viable
SPBP8B7.31	viable
SPBPB10D8.01	viable
SPBPB10D8.02c	viable
SPBPB10D8.04c	viable
SPBPB10D8.05c	viable
SPBPB10D8.06c	viable
SPBPB10D8.07c	viable
SPBPB21E7.01c	viable
SPBPB21E7.04c	viable
SPBPB21E7.05	viable
SPBPB21E7.09	viable
SPBPB2B2.01	viable
SPBPB2B2.02	viable
SPBPB2B2.05	viable
SPBPB2B2.06c	viable
SPBPB2B2.07c	viable
SPBPB2B2.08	viable
SPBPB2B2.09c	viable
SPBPB2B2.10c	viable
SPBPB2B2.11	viable
SPBPB2B2.12c	viable
SPBPB2B2.13	viable
SPBPB2B2.14c	viable
SPBPB2B2.15	viable
SPBPB2B2.16c	viable
SPBPB2B2.18	viable
SPBPB2B2.19c	viable
SPBPB7E8.01	viable
SPBPB7E8.02	viable
SPBPB8B6.03	viable
SPBPB8B6.04c	viable
SPBPB8B6.05c	viable
SPBPB8B6.06c	viable
SPBPJ4664.01	condition-dependent
SPBPJ4664.02	viable
SPBPJ4664.03	viable
SPBPJ4664.04	inviable
SPBPJ4664.05	viable
SPBPJ4664.06	viable
SPCC1020.01c	viable
SPCC1020.02	inviable
SPCC1020.03	viable
SPCC1020.04c	inviable
SPCC1020.05	viable
SPCC1020.06c	viable
SPCC1020.07	viable
SPCC1020.08	viable
SPCC1020.09	viable
SPCC1020.10	viable
SPCC1020.11c	viable
SPCC1020.12c	viable
SPCC1020.13c	viable
SPCC10H11.01	inviable
SPCC10H11.02	inviable
SPCC1183.01	inviable
SPCC1183.02	viable
SPCC1183.03c	inviable
SPCC1183.04c	viable
SPCC1183.05c	viable
SPCC1183.06	viable
SPCC1183.07	inviable
SPCC1183.08c	inviable
SPCC1183.09c	viable
SPCC1183.10	viable
SPCC1183.11	viable
SPCC11E10.01	viable
SPCC11E10.02c	inviable
SPCC11E10.03	viable
SPCC11E10.04	viable
SPCC11E10.05c	viable
SPCC11E10.06c	viable
SPCC11E10.07c	viable
SPCC11E10.08	viable
SPCC11E10.09c	viable
SPCC1223.01	viable
SPCC1223.02	viable
SPCC1223.03c	viable
SPCC1223.04c	viable
SPCC1223.05c	viable
SPCC1223.06	viable
SPCC1223.07c	viable
SPCC1223.08c	inviable
SPCC1223.09	viable
SPCC1223.10c	viable
SPCC1223.11	viable
SPCC1223.12c	viable
SPCC1223.13	viable
SPCC1223.14	inviable
SPCC1223.15c	viable
SPCC1235.01	viable
SPCC1235.02	viable
SPCC1235.03	viable
SPCC1235.04c	viable
SPCC1235.05c	viable
SPCC1235.06	viable
SPCC1235.07	inviable
SPCC1235.08c	viable
SPCC1235.09	viable
SPCC1235.10c	inviable
SPCC1235.11	viable
SPCC1235.12c	viable
SPCC1235.13	viable
SPCC1235.14	viable
SPCC1235.15	viable
SPCC1235.16	inviable
SPCC1259.01c	viable
SPCC1259.02c	viable
SPCC1259.03	viable
SPCC1259.04	viable
SPCC1259.05c	viable
SPCC1259.06	inviable
SPCC1259.07	inviable
SPCC1259.08	viable
SPCC1259.09c	viable
SPCC1259.10	viable
SPCC1259.11c	viable
SPCC1259.12c	viable
SPCC1259.13	viable
SPCC1259.14c	viable
SPCC1259.15c	inviable
SPCC126.01c	viable
SPCC126.02c	viable
SPCC126.03	viable
SPCC126.04c	viable
SPCC126.05c	inviable
SPCC126.06	viable
SPCC126.07c	viable
SPCC126.08c	viable
SPCC126.09	viable
SPCC126.10	viable
SPCC126.11c	viable
SPCC126.12	viable
SPCC126.13c	viable
SPCC126.14	inviable
SPCC126.15c	viable
SPCC1281.01	inviable
SPCC1281.02c	inviable
SPCC1281.03c	viable
SPCC1281.04	viable
SPCC1281.05	inviable
SPCC1281.06c	inviable
SPCC1281.07c	viable
SPCC1281.08	viable
SPCC132.01c	viable
SPCC132.02	viable
SPCC132.03	viable
SPCC132.04c	viable
SPCC1322.01	viable
SPCC1322.02	viable
SPCC1322.03	viable
SPCC1322.04	inviable
SPCC1322.05c	viable
SPCC1322.06	viable
SPCC1322.07c	viable
SPCC1322.08	viable
SPCC1322.09	viable
SPCC1322.10	viable
SPCC1322.11	inviable
SPCC1322.12c	viable
SPCC1322.14c	viable
SPCC1322.15	viable
SPCC1322.16	viable
SPCC1393.02c	viable
SPCC1393.03	viable
SPCC1393.04	inviable
SPCC1393.05	viable
SPCC1393.06c	inviable
SPCC1393.07c	viable
SPCC1393.08	viable
SPCC1393.09c	viable
SPCC1393.10	viable
SPCC1393.11	inviable
SPCC1393.12	viable
SPCC1393.13	viable
SPCC1393.14	viable
SPCC13B11.01	viable
SPCC13B11.02c	viable
SPCC13B11.03c	viable
SPCC13B11.04c	viable
SPCC1442.01	viable
SPCC1442.02	viable
SPCC1442.03	viable
SPCC1442.04c	viable
SPCC1442.05c	viable
SPCC1442.06	inviable
SPCC1442.07c	viable
SPCC1442.08c	viable
SPCC1442.09	inviable
SPCC1442.10c	inviable
SPCC1442.11c	viable
SPCC1442.12	condition-dependent
SPCC1442.13c	viable
SPCC1442.14c	viable
SPCC1442.15c	viable
SPCC1442.16c	viable
SPCC1442.17c	viable
SPCC1450.02	viable
SPCC1450.03	viable
SPCC1450.04	inviable
SPCC1450.05c	viable
SPCC1450.06c	viable
SPCC1450.07c	viable
SPCC1450.08c	viable
SPCC1450.09c	viable
SPCC1450.10c	inviable
SPCC1450.11c	viable
SPCC1450.12	viable
SPCC1450.13c	inviable
SPCC1450.14c	inviable
SPCC1450.15	inviable
SPCC1450.16c	viable
SPCC1494.01	viable
SPCC1494.02c	inviable
SPCC1494.03	viable
SPCC1494.04c	viable
SPCC1494.05c	viable
SPCC1494.06c	inviable
SPCC1494.07	viable
SPCC1494.08c	viable
SPCC1494.09c	viable
SPCC1494.10	viable
SPCC14G10.01	inviable
SPCC14G10.02	inviable
SPCC14G10.03c	viable
SPCC14G10.04	viable
SPCC1529.01	viable
SPCC162.01c	viable
SPCC162.02c	viable
SPCC162.03	viable
SPCC162.04c	viable
SPCC162.05	viable
SPCC162.06c	viable
SPCC162.07	inviable
SPCC162.08c	inviable
SPCC162.09c	condition-dependent
SPCC162.10	viable
SPCC162.11c	viable
SPCC162.12	viable
SPCC1620.01c	inviable
SPCC1620.02	viable
SPCC1620.03	viable
SPCC1620.04c	viable
SPCC1620.05	inviable
SPCC1620.06c	inviable
SPCC1620.07c	viable
SPCC1620.08	viable
SPCC1620.09c	inviable
SPCC1620.10	inviable
SPCC1620.11	inviable
SPCC1620.12c	viable
SPCC1620.13	viable
SPCC1620.14c	viable
SPCC1672.01	inviable
SPCC1672.02c	inviable
SPCC1672.03c	viable
SPCC1672.04c	viable
SPCC1672.05c	inviable
SPCC1672.06c	viable
SPCC1672.07	inviable
SPCC1672.08c	inviable
SPCC1672.09	viable
SPCC1672.10	inviable
SPCC1672.11c	viable
SPCC1672.12c	viable
SPCC1682.01	viable
SPCC1682.02c	inviable
SPCC1682.03c	inviable
SPCC1682.04	inviable
SPCC1682.05c	inviable
SPCC1682.06	viable
SPCC1682.07	condition-dependent
SPCC1682.08c	viable
SPCC1682.09c	inviable
SPCC1682.10	inviable
SPCC1682.11c	viable
SPCC1682.12c	viable
SPCC1682.13	viable
SPCC1682.14	viable
SPCC1682.15	viable
SPCC1682.16	viable
SPCC16A11.01	viable
SPCC16A11.02	inviable
SPCC16A11.03c	viable
SPCC16A11.04	viable
SPCC16A11.05c	inviable
SPCC16A11.06c	inviable
SPCC16A11.07	viable
SPCC16A11.08	viable
SPCC16A11.09c	inviable
SPCC16A11.10c	viable
SPCC16A11.11	inviable
SPCC16A11.12c	viable
SPCC16A11.13	inviable
SPCC16A11.14	inviable
SPCC16A11.15c	viable
SPCC16A11.16c	viable
SPCC16A11.17	inviable
SPCC16C4.01	viable
SPCC16C4.02c	inviable
SPCC16C4.03	viable
SPCC16C4.04	viable
SPCC16C4.05	inviable
SPCC16C4.06c	viable
SPCC16C4.07	viable
SPCC16C4.08c	inviable
SPCC16C4.09	viable
SPCC16C4.10	viable
SPCC16C4.11	viable
SPCC16C4.12	viable
SPCC16C4.13c	viable
SPCC16C4.14c	viable
SPCC16C4.15	inviable
SPCC16C4.16c	viable
SPCC16C4.17	viable
SPCC16C4.18c	inviable
SPCC16C4.19	inviable
SPCC16C4.20c	viable
SPCC1739.01	viable
SPCC1739.02c	inviable
SPCC1739.03	viable
SPCC1739.04c	viable
SPCC1739.05	viable
SPCC1739.06c	viable
SPCC1739.07	condition-dependent
SPCC1739.08c	viable
SPCC1739.09c	viable
SPCC1739.10	viable
SPCC1739.11c	inviable
SPCC1739.12	condition-dependent
SPCC1739.13	condition-dependent
SPCC1739.14	viable
SPCC1739.15	inviable
SPCC1742.01	viable
SPCC1753.01c	inviable
SPCC1753.02c	viable
SPCC1753.03c	viable
SPCC1753.04	inviable
SPCC1753.05	viable
SPCC1795.01c	viable
SPCC1795.02c	viable
SPCC1795.03	viable
SPCC1795.04c	inviable
SPCC1795.05c	inviable
SPCC1795.06	viable
SPCC1795.07	inviable
SPCC1795.08c	inviable
SPCC1795.09	viable
SPCC1795.10c	viable
SPCC1795.11	inviable
SPCC1795.12c	viable
SPCC18.01c	viable
SPCC18.02	viable
SPCC18.03	viable
SPCC18.04	inviable
SPCC18.05c	inviable
SPCC18.06c	viable
SPCC18.07	inviable
SPCC18.08	inviable
SPCC18.09c	viable
SPCC18.10	viable
SPCC18.11c	viable
SPCC18.12c	inviable
SPCC18.13	viable
SPCC18.14c	inviable
SPCC18.15	viable
SPCC18.16c	inviable
SPCC18.17c	viable
SPCC1827.01c	inviable
SPCC1827.02c	viable
SPCC1827.03c	viable
SPCC1827.04	viable
SPCC1827.05c	inviable
SPCC1827.06c	inviable
SPCC1827.07c	viable
SPCC1827.08c	viable
SPCC1840.01c	inviable
SPCC1840.02c	condition-dependent
SPCC1840.03	viable
SPCC1840.04	viable
SPCC1840.05c	viable
SPCC1840.06	viable
SPCC1840.07c	viable
SPCC1840.08c	viable
SPCC1840.09	viable
SPCC1840.10	viable
SPCC1840.11	viable
SPCC1840.12	viable
SPCC188.02	viable
SPCC188.03	inviable
SPCC188.04c	inviable
SPCC188.06c	inviable
SPCC188.07	viable
SPCC188.08c	viable
SPCC188.09c	viable
SPCC188.11	inviable
SPCC188.12	viable
SPCC188.13c	viable
SPCC1884.02	condition-dependent
SPCC18B5.01c	viable
SPCC18B5.03	viable
SPCC18B5.04	inviable
SPCC18B5.05c	viable
SPCC18B5.06	viable
SPCC18B5.07c	viable
SPCC18B5.08c	inviable
SPCC18B5.09c	viable
SPCC18B5.10c	viable
SPCC18B5.11c	viable
SPCC1902.01	viable
SPCC1902.02	viable
SPCC1906.01	inviable
SPCC1906.02c	viable
SPCC1906.03	viable
SPCC1906.04	viable
SPCC191.01	viable
SPCC191.02c	viable
SPCC191.03c	viable
SPCC191.05c	viable
SPCC191.06	viable
SPCC191.07	condition-dependent
SPCC191.08	inviable
SPCC191.09c	viable
SPCC191.10	viable
SPCC191.11	viable
SPCC1919.01	viable
SPCC1919.02	inviable
SPCC1919.03c	viable
SPCC1919.05	viable
SPCC1919.07	viable
SPCC1919.08c	inviable
SPCC1919.09	viable
SPCC1919.10c	condition-dependent
SPCC1919.11	viable
SPCC1919.12c	viable
SPCC1919.13c	viable
SPCC1919.14c	inviable
SPCC1919.15	viable
SPCC23B6.01c	viable
SPCC23B6.02c	viable
SPCC23B6.03c	viable
SPCC23B6.04c	viable
SPCC23B6.05c	viable
SPCC24B10.02c	viable
SPCC24B10.03	viable
SPCC24B10.04	viable
SPCC24B10.05	inviable
SPCC24B10.06	viable
SPCC24B10.07	viable
SPCC24B10.08c	viable
SPCC24B10.09	viable
SPCC24B10.10c	viable
SPCC24B10.11c	viable
SPCC24B10.12	viable
SPCC24B10.13	viable
SPCC24B10.14c	viable
SPCC24B10.15	viable
SPCC24B10.16c	viable
SPCC24B10.17	viable
SPCC24B10.18	viable
SPCC24B10.19c	viable
SPCC24B10.20	viable
SPCC24B10.21	viable
SPCC24B10.22	viable
SPCC285.03	inviable
SPCC285.04	viable
SPCC285.05	viable
SPCC285.08	inviable
SPCC285.09c	viable
SPCC285.10c	viable
SPCC285.11	viable
SPCC285.12	inviable
SPCC285.13c	viable
SPCC285.14	viable
SPCC285.15c	viable
SPCC285.16c	viable
SPCC285.17	viable
SPCC290.02	inviable
SPCC290.03c	inviable
SPCC290.04	viable
SPCC297.03	condition-dependent
SPCC297.04c	viable
SPCC297.05	viable
SPCC297.06c	viable
SPCC2H8.02	viable
SPCC2H8.04	inviable
SPCC2H8.05c	viable
SPCC306.02c	viable
SPCC306.03c	inviable
SPCC306.04c	viable
SPCC306.05c	viable
SPCC306.06c	inviable
SPCC306.07c	viable
SPCC306.08c	viable
SPCC306.09c	viable
SPCC306.11	viable
SPCC31H12.02c	viable
SPCC31H12.03c	viable
SPCC31H12.04c	viable
SPCC31H12.05c	viable
SPCC31H12.06	viable
SPCC31H12.07	inviable
SPCC31H12.08c	viable
SPCC320.03	viable
SPCC320.04c	viable
SPCC320.05	viable
SPCC320.06	viable
SPCC320.07c	viable
SPCC320.08	viable
SPCC320.09	inviable
SPCC320.10	inviable
SPCC320.11c	inviable
SPCC320.12	viable
SPCC320.13c	inviable
SPCC320.14	viable
SPCC330.01c	viable
SPCC330.02	viable
SPCC330.03c	viable
SPCC330.04c	inviable
SPCC330.05c	viable
SPCC330.06c	viable
SPCC330.07c	viable
SPCC330.08	inviable
SPCC330.09	inviable
SPCC330.10	inviable
SPCC330.11	viable
SPCC330.12c	viable
SPCC330.13	inviable
SPCC330.14c	viable
SPCC330.19c	viable
SPCC338.02	viable
SPCC338.04	viable
SPCC338.05c	viable
SPCC338.06c	viable
SPCC338.07c	viable
SPCC338.08	viable
SPCC338.10c	viable
SPCC338.11c	viable
SPCC338.12	viable
SPCC338.13	inviable
SPCC338.14	viable
SPCC338.15	inviable
SPCC338.16	viable
SPCC338.17c	inviable
SPCC338.18	viable
SPCC364.01	viable
SPCC364.02c	viable
SPCC364.03	viable
SPCC364.04c	viable
SPCC364.05	viable
SPCC364.06	condition-dependent
SPCC364.07	viable
SPCC417.02	viable
SPCC417.05c	viable
SPCC417.06c	viable
SPCC417.07c	viable
SPCC417.08	inviable
SPCC417.09c	viable
SPCC417.10	viable
SPCC417.11c	viable
SPCC417.12	viable
SPCC4B3.02c	viable
SPCC4B3.03c	viable
SPCC4B3.04c	viable
SPCC4B3.05c	viable
SPCC4B3.06c	viable
SPCC4B3.07	viable
SPCC4B3.08	viable
SPCC4B3.09c	inviable
SPCC4B3.10c	viable
SPCC4B3.11c	viable
SPCC4B3.12	viable
SPCC4B3.13	viable
SPCC4B3.14	inviable
SPCC4B3.15	viable
SPCC4B3.16	viable
SPCC4B3.17	viable
SPCC4B3.18	inviable
SPCC4E9.01c	viable
SPCC4E9.02	viable
SPCC4F11.02	viable
SPCC4F11.03c	viable
SPCC4F11.04c	viable
SPCC4G3.02	viable
SPCC4G3.03	viable
SPCC4G3.04c	viable
SPCC4G3.05c	viable
SPCC4G3.06c	inviable
SPCC4G3.07c	inviable
SPCC4G3.08	viable
SPCC4G3.09c	viable
SPCC4G3.10c	viable
SPCC4G3.11	viable
SPCC4G3.12c	viable
SPCC4G3.13c	viable
SPCC4G3.14	inviable
SPCC4G3.15c	viable
SPCC4G3.16	inviable
SPCC4G3.17	viable
SPCC4G3.18	inviable
SPCC4G3.19	viable
SPCC548.05c	viable
SPCC548.06c	viable
SPCC548.07c	viable
SPCC550.01c	viable
SPCC550.02c	inviable
SPCC550.03c	viable
SPCC550.04c	inviable
SPCC550.05	inviable
SPCC550.06c	inviable
SPCC550.07	viable
SPCC550.08	viable
SPCC550.09	viable
SPCC550.10	viable
SPCC550.11	viable
SPCC550.12	viable
SPCC550.13	inviable
SPCC550.14	viable
SPCC550.15c	viable
SPCC553.01c	viable
SPCC553.02	inviable
SPCC553.03	viable
SPCC553.04	viable
SPCC553.06	inviable
SPCC553.07c	viable
SPCC553.08c	viable
SPCC553.09c	inviable
SPCC553.11c	inviable
SPCC553.12c	viable
SPCC569.01c	viable
SPCC569.02c	viable
SPCC569.03	viable
SPCC569.04	viable
SPCC569.05c	viable
SPCC569.06	viable
SPCC569.07	viable
SPCC569.08c	viable
SPCC576.01c	condition-dependent
SPCC576.02	viable
SPCC576.03c	condition-dependent
SPCC576.04	viable
SPCC576.05	inviable
SPCC576.06c	inviable
SPCC576.07	inviable
SPCC576.08c	inviable
SPCC576.09	inviable
SPCC576.10c	inviable
SPCC576.11	viable
SPCC576.12c	viable
SPCC576.13	viable
SPCC576.14	viable
SPCC576.15c	inviable
SPCC576.17c	viable
SPCC584.01c	viable
SPCC584.02	viable
SPCC584.03c	viable
SPCC584.04	inviable
SPCC584.05	inviable
SPCC584.11c	viable
SPCC584.12	viable
SPCC584.13	viable
SPCC584.14	inviable
SPCC584.15c	viable
SPCC584.16c	viable
SPCC594.01	viable
SPCC594.02c	viable
SPCC594.04c	viable
SPCC594.05c	viable
SPCC594.06c	viable
SPCC594.07c	viable
SPCC5E4.03c	inviable
SPCC5E4.04	inviable
SPCC5E4.05c	viable
SPCC5E4.06	inviable
SPCC5E4.07	viable
SPCC5E4.10c	viable
SPCC61.01c	inviable
SPCC61.02	viable
SPCC61.03	viable
SPCC61.04c	inviable
SPCC61.05	viable
SPCC613.01	viable
SPCC613.02	viable
SPCC613.03	viable
SPCC613.04c	inviable
SPCC613.05c	inviable
SPCC613.06	viable
SPCC613.07	viable
SPCC613.08	viable
SPCC613.09	inviable
SPCC613.10	viable
SPCC613.11c	viable
SPCC613.12c	viable
SPCC622.01c	viable
SPCC622.02	viable
SPCC622.08c	viable
SPCC622.09	inviable
SPCC622.10c	inviable
SPCC622.11	viable
SPCC622.12c	viable
SPCC622.13c	inviable
SPCC622.14	viable
SPCC622.15c	viable
SPCC622.16c	viable
SPCC622.17	viable
SPCC622.18	viable
SPCC622.19	viable
SPCC63.02c	viable
SPCC63.03	viable
SPCC63.04	viable
SPCC63.05	inviable
SPCC63.06	viable
SPCC63.07	inviable
SPCC63.08c	viable
SPCC63.10c	inviable
SPCC63.11	inviable
SPCC63.12c	inviable
SPCC63.13	viable
SPCC63.14	viable
SPCC645.02	viable
SPCC645.03c	inviable
SPCC645.04	inviable
SPCC645.05c	inviable
SPCC645.06c	inviable
SPCC645.07	viable
SPCC645.08c	viable
SPCC645.09	inviable
SPCC645.10	inviable
SPCC645.11c	viable
SPCC645.12c	viable
SPCC645.13	viable
SPCC645.14c	viable
SPCC663.01c	viable
SPCC663.02	viable
SPCC663.03	viable
SPCC663.04	viable
SPCC663.05c	inviable
SPCC663.06c	viable
SPCC663.08c	viable
SPCC663.09c	viable
SPCC663.10	viable
SPCC663.11	viable
SPCC663.12	viable
SPCC663.13c	viable
SPCC663.14c	viable
SPCC663.15c	viable
SPCC70.02c	viable
SPCC70.03c	viable
SPCC70.04c	viable
SPCC70.05c	inviable
SPCC70.06	viable
SPCC70.07c	inviable
SPCC70.08c	viable
SPCC70.09c	viable
SPCC70.10	viable
SPCC70.12c	viable
SPCC736.02	viable
SPCC736.03c	inviable
SPCC736.04c	viable
SPCC736.05	viable
SPCC736.06	viable
SPCC736.07c	viable
SPCC736.08	viable
SPCC736.09c	viable
SPCC736.10c	inviable
SPCC736.11	viable
SPCC736.12c	inviable
SPCC736.13	viable
SPCC736.14	condition-dependent
SPCC736.15	viable
SPCC737.02c	viable
SPCC737.03c	viable
SPCC737.04	viable
SPCC737.05	viable
SPCC737.06c	viable
SPCC737.07c	viable
SPCC737.08	inviable
SPCC737.09c	viable
SPCC74.01	inviable
SPCC74.02c	viable
SPCC74.03c	viable
SPCC74.04	viable
SPCC74.05	viable
SPCC74.06	viable
SPCC74.09	viable
SPCC757.02c	viable
SPCC757.03c	viable
SPCC757.04	viable
SPCC757.05c	viable
SPCC757.07c	viable
SPCC757.08	inviable
SPCC757.09c	viable
SPCC757.10	inviable
SPCC757.11c	viable
SPCC757.12	viable
SPCC757.13	viable
SPCC777.02	viable
SPCC777.03c	viable
SPCC777.04	viable
SPCC777.05	inviable
SPCC777.06c	viable
SPCC777.07	viable
SPCC777.08c	viable
SPCC777.09c	viable
SPCC777.10c	inviable
SPCC777.11	inviable
SPCC777.12c	viable
SPCC777.13	viable
SPCC777.14	inviable
SPCC777.15	viable
SPCC777.17c	viable
SPCC790.02	condition-dependent
SPCC790.03	viable
SPCC794.01c	viable
SPCC794.02	viable
SPCC794.03	viable
SPCC794.04c	viable
SPCC794.06	viable
SPCC794.07	viable
SPCC794.08	viable
SPCC794.09c	viable
SPCC794.10	viable
SPCC794.11c	viable
SPCC794.12c	viable
SPCC794.15	viable
SPCC825.01	viable
SPCC825.02	viable
SPCC825.03c	inviable
SPCC825.04c	viable
SPCC825.05c	viable
SPCC830.03	inviable
SPCC830.04c	viable
SPCC830.05c	inviable
SPCC830.06	viable
SPCC830.07c	viable
SPCC830.08c	viable
SPCC830.09c	inviable
SPCC830.10	viable
SPCC830.11c	inviable
SPCC895.03c	inviable
SPCC895.04c	inviable
SPCC895.05	condition-dependent
SPCC895.06	viable
SPCC895.07	viable
SPCC895.08c	viable
SPCC895.09c	viable
SPCC962.01	viable
SPCC962.02c	inviable
SPCC962.03c	inviable
SPCC962.04	viable
SPCC962.05	viable
SPCC962.06c	inviable
SPCC965.03	inviable
SPCC965.04c	viable
SPCC965.05c	viable
SPCC965.06	viable
SPCC965.07c	viable
SPCC965.08c	viable
SPCC965.09	viable
SPCC965.10	viable
SPCC965.11c	viable
SPCC965.12	viable
SPCC965.13	viable
SPCC965.14c	viable
SPCC970.01	viable
SPCC970.02	viable
SPCC970.03	inviable
SPCC970.04c	inviable
SPCC970.05	viable
SPCC970.06	viable
SPCC970.07c	viable
SPCC970.08	inviable
SPCC970.09	inviable
SPCC970.10c	viable
SPCC970.11c	viable
SPCC970.12	inviable
SPCP1E11.02	viable
SPCP1E11.03	viable
SPCP1E11.04c	viable
SPCP1E11.05c	viable
SPCP1E11.06	viable
SPCP1E11.07c	viable
SPCP1E11.08	inviable
SPCP1E11.09c	viable
SPCP1E11.10	viable
SPCP1E11.11	viable
SPCP20C8.01c	viable
SPCP20C8.02c	viable
SPCP25A2.02c	viable
SPCP25A2.03	inviable
SPCP31B10.02	viable
SPCP31B10.03c	viable
SPCP31B10.04	viable
SPCP31B10.05	viable
SPCP31B10.06	viable
SPCP31B10.07	viable
SPCP31B10.08c	inviable
SPCPB16A4.02c	viable
SPCPB16A4.03c	viable
SPCPB16A4.04c	viable
SPCPB16A4.05c	viable
SPCPB16A4.06c	viable
SPCPB1C11.01	viable
SPCPB1C11.02	viable
SPCPB1C11.03	viable
SPCPJ732.01	viable
SPCPJ732.02c	viable
SPCPJ732.03	viable
SPNCRNA.103	viable
SPSNORNA.35	viable
SPSNORNA.37	viable
SPSNORNA.38	viable
SPSNORNA.39	viable
SPSNORNA.40	viable
SPSNORNA.42	viable
SPSNORNA.43	viable
SPSNORNA.44	viable
SPSNORNA.45	viable
SPSNORNA.46	viable
