Chromosome,Start,Stop
Ca22chr1A_C_albicans_SC5314,864,931
Ca22chr1A_C_albicans_SC5314,1138,1295
Ca22chr1A_C_albicans_SC5314,2387,2579
Ca22chr1A_C_albicans_SC5314,2797,2862
Ca22chr1A_C_albicans_SC5314,2972,2985
Ca22chr1A_C_albicans_SC5314,5467,5910
Ca22chr1A_C_albicans_SC5314,6135,6479
Ca22chr1A_C_albicans_SC5314,6729,6758
Ca22chr1A_C_albicans_SC5314,7210,7220
Ca22chr1A_C_albicans_SC5314,7675,8654
Ca22chr1A_C_albicans_SC5314,8787,9131
Ca22chr1A_C_albicans_SC5314,9312,9795
Ca22chr1A_C_albicans_SC5314,10112,10168
Ca22chr1A_C_albicans_SC5314,10292,10980
Ca22chr1A_C_albicans_SC5314,11296,11423
Ca22chr1A_C_albicans_SC5314,11623,11642
Ca22chr1A_C_albicans_SC5314,42290,42466
Ca22chr1A_C_albicans_SC5314,43526,43763
Ca22chr1A_C_albicans_SC5314,45886,46062
Ca22chr1A_C_albicans_SC5314,222280,222468
Ca22chr1A_C_albicans_SC5314,277178,277291
Ca22chr1A_C_albicans_SC5314,333409,333420
Ca22chr1A_C_albicans_SC5314,333561,333981
Ca22chr1A_C_albicans_SC5314,403959,404141
Ca22chr1A_C_albicans_SC5314,536880,536906
Ca22chr1A_C_albicans_SC5314,774717,775360
Ca22chr1A_C_albicans_SC5314,775496,775536
Ca22chr1A_C_albicans_SC5314,854152,854998
Ca22chr1A_C_albicans_SC5314,855328,855451
Ca22chr1A_C_albicans_SC5314,1291516,1291534
Ca22chr1A_C_albicans_SC5314,1292744,1292847
Ca22chr1A_C_albicans_SC5314,1293130,1293295
Ca22chr1A_C_albicans_SC5314,1293617,1293749
Ca22chr1A_C_albicans_SC5314,1304332,1304396
Ca22chr1A_C_albicans_SC5314,1305128,1305353
Ca22chr1A_C_albicans_SC5314,1305933,1307881
Ca22chr1A_C_albicans_SC5314,1308098,1308232
Ca22chr1A_C_albicans_SC5314,1325867,1326025
Ca22chr1A_C_albicans_SC5314,1337306,1337389
Ca22chr1A_C_albicans_SC5314,1614639,1614833
Ca22chr1A_C_albicans_SC5314,1615038,1615451
Ca22chr1A_C_albicans_SC5314,1630665,1631078
Ca22chr1A_C_albicans_SC5314,1631282,1631476
Ca22chr1A_C_albicans_SC5314,1656663,1656741
Ca22chr1A_C_albicans_SC5314,1681089,1681206
Ca22chr1A_C_albicans_SC5314,1682158,1682297
Ca22chr1A_C_albicans_SC5314,1682576,1682632
Ca22chr1A_C_albicans_SC5314,1683332,1683395
Ca22chr1A_C_albicans_SC5314,1683538,1683549
Ca22chr1A_C_albicans_SC5314,1686407,1686468
Ca22chr1A_C_albicans_SC5314,1687395,1689172
Ca22chr1A_C_albicans_SC5314,1690015,1690284
Ca22chr1A_C_albicans_SC5314,1690457,1691318
Ca22chr1A_C_albicans_SC5314,1691528,1691645
Ca22chr1A_C_albicans_SC5314,1692003,1692147
Ca22chr1A_C_albicans_SC5314,1692453,1692848
Ca22chr1A_C_albicans_SC5314,1693055,1693107
Ca22chr1A_C_albicans_SC5314,1693500,1693510
Ca22chr1A_C_albicans_SC5314,1694160,1694339
Ca22chr1A_C_albicans_SC5314,1694835,1695309
Ca22chr1A_C_albicans_SC5314,1842598,1843775
Ca22chr1A_C_albicans_SC5314,1902467,1902533
Ca22chr1A_C_albicans_SC5314,1902718,1902762
Ca22chr1A_C_albicans_SC5314,2271804,2271941
Ca22chr1A_C_albicans_SC5314,2272185,2272296
Ca22chr1A_C_albicans_SC5314,2272557,2272944
Ca22chr1A_C_albicans_SC5314,2273187,2273475
Ca22chr1A_C_albicans_SC5314,2273619,2273859
Ca22chr1A_C_albicans_SC5314,2333074,2333854
Ca22chr1A_C_albicans_SC5314,2334081,2334484
Ca22chr1A_C_albicans_SC5314,2334649,2334856
Ca22chr1A_C_albicans_SC5314,2335100,2335306
Ca22chr1A_C_albicans_SC5314,2516355,2516400
Ca22chr1A_C_albicans_SC5314,2590740,2591036
Ca22chr1A_C_albicans_SC5314,2802686,2803123
Ca22chr1A_C_albicans_SC5314,2807608,2808045
Ca22chr1A_C_albicans_SC5314,3178300,3178355
Ca22chr1A_C_albicans_SC5314,3186154,3186307
Ca22chr1A_C_albicans_SC5314,3186546,3186566
Ca22chr1A_C_albicans_SC5314,3186856,3186921
Ca22chr1A_C_albicans_SC5314,3187420,3187565
Ca22chr1A_C_albicans_SC5314,3187767,3188341
Ca22chr2A_C_albicans_SC5314,849,1421
Ca22chr2A_C_albicans_SC5314,1581,2419
Ca22chr2A_C_albicans_SC5314,3012,3604
Ca22chr2A_C_albicans_SC5314,3861,4463
Ca22chr2A_C_albicans_SC5314,4690,5206
Ca22chr2A_C_albicans_SC5314,5353,5391
Ca22chr2A_C_albicans_SC5314,345343,345371
Ca22chr2A_C_albicans_SC5314,525630,525757
Ca22chr2A_C_albicans_SC5314,526261,526304
Ca22chr2A_C_albicans_SC5314,532094,532380
Ca22chr2A_C_albicans_SC5314,532595,533901
Ca22chr2A_C_albicans_SC5314,534034,535591
Ca22chr2A_C_albicans_SC5314,535792,536002
Ca22chr2A_C_albicans_SC5314,558221,558234
Ca22chr2A_C_albicans_SC5314,570476,570489
Ca22chr2A_C_albicans_SC5314,585698,585908
Ca22chr2A_C_albicans_SC5314,586108,586726
Ca22chr2A_C_albicans_SC5314,588252,588970
Ca22chr2A_C_albicans_SC5314,589185,589471
Ca22chr2A_C_albicans_SC5314,614079,614122
Ca22chr2A_C_albicans_SC5314,614626,614753
Ca22chr2A_C_albicans_SC5314,654955,655214
Ca22chr2A_C_albicans_SC5314,763928,763982
Ca22chr2A_C_albicans_SC5314,1012388,1012648
Ca22chr2A_C_albicans_SC5314,1022757,1023056
Ca22chr2A_C_albicans_SC5314,1024163,1024189
Ca22chr2A_C_albicans_SC5314,1357369,1357627
Ca22chr2A_C_albicans_SC5314,1459278,1459289
Ca22chr2A_C_albicans_SC5314,1665192,1665465
Ca22chr2A_C_albicans_SC5314,1669144,1669521
Ca22chr2A_C_albicans_SC5314,1679082,1679149
Ca22chr2A_C_albicans_SC5314,1690503,1691546
Ca22chr2A_C_albicans_SC5314,1826058,1826104
Ca22chr2A_C_albicans_SC5314,1826382,1826602
Ca22chr2A_C_albicans_SC5314,1826839,1826983
Ca22chr2A_C_albicans_SC5314,1827220,1827385
Ca22chr2A_C_albicans_SC5314,1886932,1887043
Ca22chr2A_C_albicans_SC5314,1998334,1998363
Ca22chr2A_C_albicans_SC5314,2049682,2049711
Ca22chr2A_C_albicans_SC5314,2051059,2051102
Ca22chr2A_C_albicans_SC5314,2086679,2086726
Ca22chr2A_C_albicans_SC5314,2089385,2089428
Ca22chr2A_C_albicans_SC5314,2138670,2138818
Ca22chr2A_C_albicans_SC5314,2141089,2141187
Ca22chr2A_C_albicans_SC5314,2141507,2141593
Ca22chr2A_C_albicans_SC5314,2141903,2141941
Ca22chr2A_C_albicans_SC5314,2142060,2142072
Ca22chr2A_C_albicans_SC5314,2142643,2142782
Ca22chr2A_C_albicans_SC5314,2143060,2143116
Ca22chr2A_C_albicans_SC5314,2143767,2143806
Ca22chr2A_C_albicans_SC5314,2144022,2144033
Ca22chr2A_C_albicans_SC5314,2144772,2144787
Ca22chr2A_C_albicans_SC5314,2146968,2147133
Ca22chr2A_C_albicans_SC5314,2147396,2147430
Ca22chr2A_C_albicans_SC5314,2147890,2148046
Ca22chr2A_C_albicans_SC5314,2148258,2149298
Ca22chr2A_C_albicans_SC5314,2150135,2150510
Ca22chr2A_C_albicans_SC5314,2150860,2150933
Ca22chr2A_C_albicans_SC5314,2151163,2151209
Ca22chr2A_C_albicans_SC5314,2151597,2151983
Ca22chr2A_C_albicans_SC5314,2152154,2152424
Ca22chr2A_C_albicans_SC5314,2152648,2153026
Ca22chr2A_C_albicans_SC5314,2153169,2153285
Ca22chr2A_C_albicans_SC5314,2153668,2153682
Ca22chr2A_C_albicans_SC5314,2153809,2154135
Ca22chr2A_C_albicans_SC5314,2154353,2154707
Ca22chr2A_C_albicans_SC5314,2155269,2155436
Ca22chr2A_C_albicans_SC5314,2190159,2190207
Ca22chr2A_C_albicans_SC5314,2227178,2227205
Ca22chr2A_C_albicans_SC5314,2228097,2228358
Ca22chr2A_C_albicans_SC5314,2228561,2228673
Ca22chr2A_C_albicans_SC5314,2228951,2228993
Ca22chr2A_C_albicans_SC5314,2229845,2231478
Ca22chr3A_C_albicans_SC5314,3335,3356
Ca22chr3A_C_albicans_SC5314,7847,8259
Ca22chr3A_C_albicans_SC5314,8490,10562
Ca22chr3A_C_albicans_SC5314,11254,12247
Ca22chr3A_C_albicans_SC5314,12519,12726
Ca22chr3A_C_albicans_SC5314,13521,13941
Ca22chr3A_C_albicans_SC5314,14193,14268
Ca22chr3A_C_albicans_SC5314,234614,234791
Ca22chr3A_C_albicans_SC5314,526072,526196
Ca22chr3A_C_albicans_SC5314,621748,621795
Ca22chr3A_C_albicans_SC5314,621922,621946
Ca22chr3A_C_albicans_SC5314,622143,622718
Ca22chr3A_C_albicans_SC5314,623022,624749
Ca22chr3A_C_albicans_SC5314,636249,637976
Ca22chr3A_C_albicans_SC5314,638278,638853
Ca22chr3A_C_albicans_SC5314,639050,639074
Ca22chr3A_C_albicans_SC5314,639201,639248
Ca22chr3A_C_albicans_SC5314,664274,664371
Ca22chr3A_C_albicans_SC5314,665312,665369
Ca22chr3A_C_albicans_SC5314,665694,667245
Ca22chr3A_C_albicans_SC5314,667448,668965
Ca22chr3A_C_albicans_SC5314,761950,762564
Ca22chr3A_C_albicans_SC5314,764044,765561
Ca22chr3A_C_albicans_SC5314,765766,767317
Ca22chr3A_C_albicans_SC5314,767642,767699
Ca22chr3A_C_albicans_SC5314,768485,768533
Ca22chr3A_C_albicans_SC5314,768782,768879
Ca22chr3A_C_albicans_SC5314,785393,786007
Ca22chr3A_C_albicans_SC5314,888980,889145
Ca22chr3A_C_albicans_SC5314,1048470,1048837
Ca22chr3A_C_albicans_SC5314,1050385,1050976
Ca22chr3A_C_albicans_SC5314,1051308,1051381
Ca22chr3A_C_albicans_SC5314,1146647,1146833
Ca22chr3A_C_albicans_SC5314,1148558,1149140
Ca22chr3A_C_albicans_SC5314,1157983,1157994
Ca22chr3A_C_albicans_SC5314,1166772,1166856
Ca22chr3A_C_albicans_SC5314,1177720,1177899
Ca22chr3A_C_albicans_SC5314,1219621,1219683
Ca22chr3A_C_albicans_SC5314,1402372,1404112
Ca22chr3A_C_albicans_SC5314,1404233,1404854
Ca22chr3A_C_albicans_SC5314,1405324,1406526
Ca22chr3A_C_albicans_SC5314,1406697,1407036
Ca22chr3A_C_albicans_SC5314,1407773,1407894
Ca22chr3A_C_albicans_SC5314,1408241,1408301
Ca22chr3A_C_albicans_SC5314,1408618,1409288
Ca22chr3A_C_albicans_SC5314,1409605,1410104
Ca22chr3A_C_albicans_SC5314,1448152,1448651
Ca22chr3A_C_albicans_SC5314,1449063,1449082
Ca22chr3A_C_albicans_SC5314,1449474,1449493
Ca22chr3A_C_albicans_SC5314,1451846,1452185
Ca22chr3A_C_albicans_SC5314,1452361,1453563
Ca22chr3A_C_albicans_SC5314,1454031,1454682
Ca22chr3A_C_albicans_SC5314,1456147,1457696
Ca22chr3A_C_albicans_SC5314,1646960,1646996
Ca22chr3A_C_albicans_SC5314,1647132,1647278
Ca22chr3A_C_albicans_SC5314,1767734,1767818
Ca22chr3A_C_albicans_SC5314,1787014,1787259
Ca22chr3A_C_albicans_SC5314,1787466,1787696
Ca22chr3A_C_albicans_SC5314,1787893,1789740
Ca22chr3A_C_albicans_SC5314,1789959,1790064
Ca22chr3A_C_albicans_SC5314,1790619,1790732
Ca22chr3A_C_albicans_SC5314,1791039,1791252
Ca22chr3A_C_albicans_SC5314,1791535,1791663
Ca22chr3A_C_albicans_SC5314,1793841,1794036
Ca22chr3A_C_albicans_SC5314,1794193,1794203
Ca22chr3A_C_albicans_SC5314,1794547,1794575
Ca22chr3A_C_albicans_SC5314,1794784,1794806
Ca22chr3A_C_albicans_SC5314,1796300,1796487
Ca22chr3A_C_albicans_SC5314,1797492,1797692
Ca22chr3A_C_albicans_SC5314,1797888,1798126
Ca22chr4A_C_albicans_SC5314,1,167
Ca22chr4A_C_albicans_SC5314,294,985
Ca22chr4A_C_albicans_SC5314,1166,1208
Ca22chr4A_C_albicans_SC5314,1548,1850
Ca22chr4A_C_albicans_SC5314,84110,85453
Ca22chr4A_C_albicans_SC5314,117754,119097
Ca22chr4A_C_albicans_SC5314,207627,207644
Ca22chr4A_C_albicans_SC5314,531814,531870
Ca22chr4A_C_albicans_SC5314,532344,533556
Ca22chr4A_C_albicans_SC5314,533813,534146
Ca22chr4A_C_albicans_SC5314,553233,553566
Ca22chr4A_C_albicans_SC5314,553827,555039
Ca22chr4A_C_albicans_SC5314,555513,555569
Ca22chr4A_C_albicans_SC5314,637142,637439
Ca22chr4A_C_albicans_SC5314,671272,671490
Ca22chr4A_C_albicans_SC5314,673960,674130
Ca22chr4A_C_albicans_SC5314,680474,680645
Ca22chr4A_C_albicans_SC5314,703816,704034
Ca22chr4A_C_albicans_SC5314,774335,774570
Ca22chr4A_C_albicans_SC5314,848128,849244
Ca22chr4A_C_albicans_SC5314,849354,849746
Ca22chr4A_C_albicans_SC5314,849941,850068
Ca22chr4A_C_albicans_SC5314,850312,850559
Ca22chr4A_C_albicans_SC5314,850732,851193
Ca22chr4A_C_albicans_SC5314,851730,852411
Ca22chr4A_C_albicans_SC5314,852570,852603
Ca22chr4A_C_albicans_SC5314,897200,897227
Ca22chr4A_C_albicans_SC5314,897386,898067
Ca22chr4A_C_albicans_SC5314,991720,992030
Ca22chr4A_C_albicans_SC5314,995353,995663
Ca22chr4A_C_albicans_SC5314,996046,997662
Ca22chr4A_C_albicans_SC5314,1159818,1159834
Ca22chr4A_C_albicans_SC5314,1178644,1178667
Ca22chr4A_C_albicans_SC5314,1178810,1178942
Ca22chr4A_C_albicans_SC5314,1194959,1195004
Ca22chr4A_C_albicans_SC5314,1195976,1196071
Ca22chr4A_C_albicans_SC5314,1196694,1196762
Ca22chr4A_C_albicans_SC5314,1198466,1198528
Ca22chr4A_C_albicans_SC5314,1199729,1199947
Ca22chr4A_C_albicans_SC5314,1200203,1200267
Ca22chr4A_C_albicans_SC5314,1200494,1200512
Ca22chr4A_C_albicans_SC5314,1200732,1202515
Ca22chr4A_C_albicans_SC5314,1203461,1203504
Ca22chr4A_C_albicans_SC5314,1203813,1203957
Ca22chr4A_C_albicans_SC5314,1204883,1205160
Ca22chr4A_C_albicans_SC5314,1205330,1205390
Ca22chr4A_C_albicans_SC5314,1205508,1205594
Ca22chr4A_C_albicans_SC5314,1205777,1206150
Ca22chr4A_C_albicans_SC5314,1206548,1206605
Ca22chr4A_C_albicans_SC5314,1206991,1207077
Ca22chr4A_C_albicans_SC5314,1207512,1208625
Ca22chr4A_C_albicans_SC5314,1257213,1259042
Ca22chr4A_C_albicans_SC5314,1259219,1259760
Ca22chr4A_C_albicans_SC5314,1295984,1296525
Ca22chr4A_C_albicans_SC5314,1296738,1298567
Ca22chr4A_C_albicans_SC5314,1443743,1443867
Ca22chr4A_C_albicans_SC5314,1486886,1488502
Ca22chr4A_C_albicans_SC5314,1597142,1597352
Ca22chr4A_C_albicans_SC5314,1597568,1598006
Ca22chr4A_C_albicans_SC5314,1598207,1598420
Ca22chr4A_C_albicans_SC5314,1598732,1598962
Ca22chr4A_C_albicans_SC5314,1599106,1599215
Ca22chr4A_C_albicans_SC5314,1599492,1599520
Ca22chr4A_C_albicans_SC5314,1600195,1600232
Ca22chr4A_C_albicans_SC5314,1600455,1601256
Ca22chr4A_C_albicans_SC5314,1601371,1601924
Ca22chr4A_C_albicans_SC5314,1602156,1602264
Ca22chr4A_C_albicans_SC5314,1602728,1603259
Ca22chr5A_C_albicans_SC5314,1,70
Ca22chr5A_C_albicans_SC5314,798,876
Ca22chr5A_C_albicans_SC5314,1433,2143
Ca22chr5A_C_albicans_SC5314,2342,2439
Ca22chr5A_C_albicans_SC5314,2658,3073
Ca22chr5A_C_albicans_SC5314,306695,306735
Ca22chr5A_C_albicans_SC5314,466396,467083
Ca22chr5A_C_albicans_SC5314,467298,467414
Ca22chr5A_C_albicans_SC5314,467802,467915
Ca22chr5A_C_albicans_SC5314,468130,468388
Ca22chr5A_C_albicans_SC5314,471831,472089
Ca22chr5A_C_albicans_SC5314,472304,472417
Ca22chr5A_C_albicans_SC5314,472806,472922
Ca22chr5A_C_albicans_SC5314,473135,473822
Ca22chr5A_C_albicans_SC5314,500779,501038
Ca22chr5A_C_albicans_SC5314,534877,534990
Ca22chr5A_C_albicans_SC5314,722392,722407
Ca22chr5A_C_albicans_SC5314,722561,723808
Ca22chr5A_C_albicans_SC5314,724582,724616
Ca22chr5A_C_albicans_SC5314,724908,725076
Ca22chr5A_C_albicans_SC5314,725472,725784
Ca22chr5A_C_albicans_SC5314,725954,726043
Ca22chr5A_C_albicans_SC5314,726185,728507
Ca22chr5A_C_albicans_SC5314,728742,728817
Ca22chr5A_C_albicans_SC5314,729070,729438
Ca22chr5A_C_albicans_SC5314,729639,729672
Ca22chr5A_C_albicans_SC5314,729956,730115
Ca22chr5A_C_albicans_SC5314,730417,730565
Ca22chr5A_C_albicans_SC5314,809410,810168
Ca22chr5A_C_albicans_SC5314,821395,822153
Ca22chr5A_C_albicans_SC5314,866739,866825
Ca22chr5A_C_albicans_SC5314,1171800,1171845
Ca22chr5A_C_albicans_SC5314,1182179,1182293
Ca22chr5A_C_albicans_SC5314,1182644,1184169
Ca22chr5A_C_albicans_SC5314,1184393,1184568
Ca22chr5A_C_albicans_SC5314,1184990,1185010
Ca22chr5A_C_albicans_SC5314,1185469,1185922
Ca22chr5A_C_albicans_SC5314,1186091,1187221
Ca22chr5A_C_albicans_SC5314,1187813,1188339
Ca22chr5A_C_albicans_SC5314,1188615,1188741
Ca22chr5A_C_albicans_SC5314,1188937,1189242
Ca22chr5A_C_albicans_SC5314,1189669,1190733
Ca22chr6A_C_albicans_SC5314,109,1331
Ca22chr6A_C_albicans_SC5314,1513,1562
Ca22chr6A_C_albicans_SC5314,1752,1825
Ca22chr6A_C_albicans_SC5314,2294,2431
Ca22chr6A_C_albicans_SC5314,2546,2864
Ca22chr6A_C_albicans_SC5314,3076,3225
Ca22chr6A_C_albicans_SC5314,3351,3361
Ca22chr6A_C_albicans_SC5314,4128,5760
Ca22chr6A_C_albicans_SC5314,5972,6084
Ca22chr6A_C_albicans_SC5314,6294,6938
Ca22chr6A_C_albicans_SC5314,7238,7567
Ca22chr6A_C_albicans_SC5314,7933,7965
Ca22chr6A_C_albicans_SC5314,8269,8302
Ca22chr6A_C_albicans_SC5314,193459,193486
Ca22chr6A_C_albicans_SC5314,201021,201048
Ca22chr6A_C_albicans_SC5314,240418,240713
Ca22chr6A_C_albicans_SC5314,244971,245267
Ca22chr6A_C_albicans_SC5314,325719,325850
Ca22chr6A_C_albicans_SC5314,560709,560807
Ca22chr6A_C_albicans_SC5314,561020,561134
Ca22chr6A_C_albicans_SC5314,561308,561801
Ca22chr6A_C_albicans_SC5314,562060,562370
Ca22chr6A_C_albicans_SC5314,562760,562829
Ca22chr6A_C_albicans_SC5314,563045,563297
Ca22chr6A_C_albicans_SC5314,630409,630961
Ca22chr6A_C_albicans_SC5314,631177,632413
Ca22chr6A_C_albicans_SC5314,632625,632807
Ca22chr6A_C_albicans_SC5314,633131,633245
Ca22chr6A_C_albicans_SC5314,633458,633556
Ca22chr6A_C_albicans_SC5314,748205,749090
Ca22chr6A_C_albicans_SC5314,749252,750630
Ca22chr6A_C_albicans_SC5314,783474,783562
Ca22chr6A_C_albicans_SC5314,784994,785326
Ca22chr6A_C_albicans_SC5314,785542,785603
Ca22chr6A_C_albicans_SC5314,786348,786469
Ca22chr6A_C_albicans_SC5314,792330,792454
Ca22chr6A_C_albicans_SC5314,799308,799332
Ca22chr6A_C_albicans_SC5314,799992,800067
Ca22chr6A_C_albicans_SC5314,800277,800403
Ca22chr6A_C_albicans_SC5314,860578,860788
Ca22chr6A_C_albicans_SC5314,861006,861018
Ca22chr6A_C_albicans_SC5314,862033,862137
Ca22chr6A_C_albicans_SC5314,862807,862889
Ca22chr6A_C_albicans_SC5314,863762,863896
Ca22chr6A_C_albicans_SC5314,864098,864142
Ca22chr6A_C_albicans_SC5314,864462,864514
Ca22chr6A_C_albicans_SC5314,864847,864893
Ca22chr6A_C_albicans_SC5314,865125,865198
Ca22chr6A_C_albicans_SC5314,865547,865922
Ca22chr6A_C_albicans_SC5314,866721,868480
Ca22chr6A_C_albicans_SC5314,869024,869106
Ca22chr6A_C_albicans_SC5314,871548,871563
Ca22chr6A_C_albicans_SC5314,871799,871811
Ca22chr6A_C_albicans_SC5314,872480,872596
Ca22chr6A_C_albicans_SC5314,888571,888873
Ca22chr6A_C_albicans_SC5314,898142,898621
Ca22chr6A_C_albicans_SC5314,898831,898896
Ca22chr6A_C_albicans_SC5314,899108,899400
Ca22chr6A_C_albicans_SC5314,899600,899625
Ca22chr6A_C_albicans_SC5314,901377,901656
Ca22chr6A_C_albicans_SC5314,901929,901944
Ca22chr6A_C_albicans_SC5314,902133,902412
Ca22chr6A_C_albicans_SC5314,902664,902784
Ca22chr6A_C_albicans_SC5314,903459,903522
Ca22chr6A_C_albicans_SC5314,972372,972534
Ca22chr6A_C_albicans_SC5314,973596,974385
Ca22chr6A_C_albicans_SC5314,975046,975138
Ca22chr6A_C_albicans_SC5314,975318,975468
Ca22chr6A_C_albicans_SC5314,975750,975900
Ca22chr6A_C_albicans_SC5314,977637,977662
Ca22chr6A_C_albicans_SC5314,977862,978430
Ca22chr6A_C_albicans_SC5314,978637,979116
Ca22chr6A_C_albicans_SC5314,986490,986764
Ca22chr6A_C_albicans_SC5314,986874,987454
Ca22chr6A_C_albicans_SC5314,1030706,1030967
Ca22chr6A_C_albicans_SC5314,1031093,1031290
Ca22chr6A_C_albicans_SC5314,1031612,1031675
Ca22chr6A_C_albicans_SC5314,1032045,1032096
Ca22chr6A_C_albicans_SC5314,1032698,1033292
Ca22chr7A_C_albicans_SC5314,11282,11377
Ca22chr7A_C_albicans_SC5314,12278,12373
Ca22chr7A_C_albicans_SC5314,228010,228225
Ca22chr7A_C_albicans_SC5314,228368,228686
Ca22chr7A_C_albicans_SC5314,229175,229265
Ca22chr7A_C_albicans_SC5314,229753,229924
Ca22chr7A_C_albicans_SC5314,230191,230201
Ca22chr7A_C_albicans_SC5314,230554,230650
Ca22chr7A_C_albicans_SC5314,231546,231730
Ca22chr7A_C_albicans_SC5314,232058,232242
Ca22chr7A_C_albicans_SC5314,232386,233235
Ca22chr7A_C_albicans_SC5314,233420,233569
Ca22chr7A_C_albicans_SC5314,234532,234829
Ca22chr7A_C_albicans_SC5314,234961,235586
Ca22chr7A_C_albicans_SC5314,236316,236334
Ca22chr7A_C_albicans_SC5314,238544,238813
Ca22chr7A_C_albicans_SC5314,239765,239904
Ca22chr7A_C_albicans_SC5314,241305,241578
Ca22chr7A_C_albicans_SC5314,241971,242507
Ca22chr7A_C_albicans_SC5314,242637,242738
Ca22chr7A_C_albicans_SC5314,521534,521794
Ca22chr7A_C_albicans_SC5314,528558,528817
Ca22chr7A_C_albicans_SC5314,554014,554143
Ca22chr7A_C_albicans_SC5314,556004,556466
Ca22chr7A_C_albicans_SC5314,560140,560225
Ca22chr7A_C_albicans_SC5314,574770,574848
Ca22chr7A_C_albicans_SC5314,576759,576777
Ca22chr7A_C_albicans_SC5314,577365,577531
Ca22chr7A_C_albicans_SC5314,578542,578744
Ca22chr7A_C_albicans_SC5314,580938,581022
Ca22chr7A_C_albicans_SC5314,581601,582562
Ca22chr7A_C_albicans_SC5314,582769,582906
Ca22chr7A_C_albicans_SC5314,583113,583315
Ca22chr7A_C_albicans_SC5314,584139,584341
Ca22chr7A_C_albicans_SC5314,584611,584767
Ca22chr7A_C_albicans_SC5314,584894,584917
Ca22chr7A_C_albicans_SC5314,585392,585523
Ca22chr7A_C_albicans_SC5314,585904,585948
Ca22chr7A_C_albicans_SC5314,586317,586553
Ca22chr7A_C_albicans_SC5314,587152,587420
Ca22chr7A_C_albicans_SC5314,587555,587659
Ca22chr7A_C_albicans_SC5314,587786,588008
Ca22chr7A_C_albicans_SC5314,588225,588265
Ca22chr7A_C_albicans_SC5314,588473,588999
Ca22chr7A_C_albicans_SC5314,589244,589477
Ca22chr7A_C_albicans_SC5314,589709,589854
Ca22chr7A_C_albicans_SC5314,610198,610255
Ca22chr7A_C_albicans_SC5314,674526,674782
Ca22chr7A_C_albicans_SC5314,728262,728319
Ca22chr7A_C_albicans_SC5314,762617,762893
Ca22chr7A_C_albicans_SC5314,763221,763497
Ca22chr7A_C_albicans_SC5314,763961,765208
Ca22chr7A_C_albicans_SC5314,765568,765578
Ca22chr7A_C_albicans_SC5314,779217,779286
Ca22chr7A_C_albicans_SC5314,794085,794117
Ca22chr7A_C_albicans_SC5314,817891,818167
Ca22chr7A_C_albicans_SC5314,818495,818771
Ca22chr7A_C_albicans_SC5314,819235,820482
Ca22chr7A_C_albicans_SC5314,820784,820835
Ca22chr7A_C_albicans_SC5314,835296,835776
Ca22chr7A_C_albicans_SC5314,942127,942202
Ca22chr7A_C_albicans_SC5314,942581,942751
Ca22chr7A_C_albicans_SC5314,943131,943838
Ca22chr7A_C_albicans_SC5314,944046,944205
Ca22chr7A_C_albicans_SC5314,944466,944611
Ca22chr7A_C_albicans_SC5314,945264,945885
Ca22chr7A_C_albicans_SC5314,946077,946717
Ca22chr7A_C_albicans_SC5314,946915,946985
Ca22chr7A_C_albicans_SC5314,947184,947733
Ca22chr7A_C_albicans_SC5314,948132,948212
Ca22chr7A_C_albicans_SC5314,948417,948982
Ca22chr7A_C_albicans_SC5314,949116,949580
Ca22chrRA_C_albicans_SC5314,1,647
Ca22chrRA_C_albicans_SC5314,852,1970
Ca22chrRA_C_albicans_SC5314,2365,2556
Ca22chrRA_C_albicans_SC5314,2694,2743
Ca22chrRA_C_albicans_SC5314,2962,3540
Ca22chrRA_C_albicans_SC5314,8819,8919
Ca22chrRA_C_albicans_SC5314,9147,9296
Ca22chrRA_C_albicans_SC5314,9674,10318
Ca22chrRA_C_albicans_SC5314,10545,10937
Ca22chrRA_C_albicans_SC5314,11141,11173
Ca22chrRA_C_albicans_SC5314,11477,11510
Ca22chrRA_C_albicans_SC5314,117114,117350
Ca22chrRA_C_albicans_SC5314,117518,117812
Ca22chrRA_C_albicans_SC5314,210684,210942
Ca22chrRA_C_albicans_SC5314,215358,215618
Ca22chrRA_C_albicans_SC5314,418109,418621
Ca22chrRA_C_albicans_SC5314,418822,418903
Ca22chrRA_C_albicans_SC5314,419119,419201
Ca22chrRA_C_albicans_SC5314,440390,440472
Ca22chrRA_C_albicans_SC5314,440688,440769
Ca22chrRA_C_albicans_SC5314,440966,441394
Ca22chrRA_C_albicans_SC5314,479148,479209
Ca22chrRA_C_albicans_SC5314,534840,534901
Ca22chrRA_C_albicans_SC5314,625962,626078
Ca22chrRA_C_albicans_SC5314,760205,760353
Ca22chrRA_C_albicans_SC5314,760489,760751
Ca22chrRA_C_albicans_SC5314,760967,760988
Ca22chrRA_C_albicans_SC5314,761213,761513
Ca22chrRA_C_albicans_SC5314,761722,763832
Ca22chrRA_C_albicans_SC5314,764199,764374
Ca22chrRA_C_albicans_SC5314,791689,793799
Ca22chrRA_C_albicans_SC5314,794007,794307
Ca22chrRA_C_albicans_SC5314,794531,794552
Ca22chrRA_C_albicans_SC5314,794768,795030
Ca22chrRA_C_albicans_SC5314,795166,795314
Ca22chrRA_C_albicans_SC5314,801214,802424
Ca22chrRA_C_albicans_SC5314,802640,803171
Ca22chrRA_C_albicans_SC5314,804540,804714
Ca22chrRA_C_albicans_SC5314,804922,805100
Ca22chrRA_C_albicans_SC5314,805316,805372
Ca22chrRA_C_albicans_SC5314,805546,805971
Ca22chrRA_C_albicans_SC5314,806186,807117
Ca22chrRA_C_albicans_SC5314,850020,850551
Ca22chrRA_C_albicans_SC5314,850767,851977
Ca22chrRA_C_albicans_SC5314,866224,866398
Ca22chrRA_C_albicans_SC5314,866606,866784
Ca22chrRA_C_albicans_SC5314,867000,867056
Ca22chrRA_C_albicans_SC5314,867230,867655
Ca22chrRA_C_albicans_SC5314,867870,868801
Ca22chrRA_C_albicans_SC5314,882899,882912
Ca22chrRA_C_albicans_SC5314,961546,961722
Ca22chrRA_C_albicans_SC5314,1013176,1013257
Ca22chrRA_C_albicans_SC5314,1060929,1061045
Ca22chrRA_C_albicans_SC5314,1079723,1080878
Ca22chrRA_C_albicans_SC5314,1097911,1098211
Ca22chrRA_C_albicans_SC5314,1109434,1109914
Ca22chrRA_C_albicans_SC5314,1122042,1123240
Ca22chrRA_C_albicans_SC5314,1131207,1131358
Ca22chrRA_C_albicans_SC5314,1131645,1131802
Ca22chrRA_C_albicans_SC5314,1346477,1346681
Ca22chrRA_C_albicans_SC5314,1347265,1347331
Ca22chrRA_C_albicans_SC5314,1347546,1347623
Ca22chrRA_C_albicans_SC5314,1347931,1348065
Ca22chrRA_C_albicans_SC5314,1348699,1348933
Ca22chrRA_C_albicans_SC5314,1349052,1349794
Ca22chrRA_C_albicans_SC5314,1350116,1350193
Ca22chrRA_C_albicans_SC5314,1350466,1350546
Ca22chrRA_C_albicans_SC5314,1350919,1351043
Ca22chrRA_C_albicans_SC5314,1351312,1351326
Ca22chrRA_C_albicans_SC5314,1351587,1351691
Ca22chrRA_C_albicans_SC5314,1352654,1353080
Ca22chrRA_C_albicans_SC5314,1353212,1354050
Ca22chrRA_C_albicans_SC5314,1354519,1354592
Ca22chrRA_C_albicans_SC5314,1354826,1354940
Ca22chrRA_C_albicans_SC5314,1356254,1356316
Ca22chrRA_C_albicans_SC5314,1358024,1358207
Ca22chrRA_C_albicans_SC5314,1358796,1358831
Ca22chrRA_C_albicans_SC5314,1458202,1458291
Ca22chrRA_C_albicans_SC5314,1458830,1458887
Ca22chrRA_C_albicans_SC5314,1557989,1558794
Ca22chrRA_C_albicans_SC5314,1559038,1559119
Ca22chrRA_C_albicans_SC5314,1559307,1559667
Ca22chrRA_C_albicans_SC5314,1560464,1560529
Ca22chrRA_C_albicans_SC5314,1560742,1560809
Ca22chrRA_C_albicans_SC5314,1561025,1561069
Ca22chrRA_C_albicans_SC5314,1561198,1561294
Ca22chrRA_C_albicans_SC5314,1561711,1562158
Ca22chrRA_C_albicans_SC5314,1566060,1566118
Ca22chrRA_C_albicans_SC5314,1566239,1566616
Ca22chrRA_C_albicans_SC5314,1566832,1567071
Ca22chrRA_C_albicans_SC5314,1567259,1568544
Ca22chrRA_C_albicans_SC5314,1568939,1569110
Ca22chrRA_C_albicans_SC5314,1611211,1611247
Ca22chrRA_C_albicans_SC5314,1611383,1611529
Ca22chrRA_C_albicans_SC5314,1622282,1622739
Ca22chrRA_C_albicans_SC5314,1623156,1623252
Ca22chrRA_C_albicans_SC5314,1623381,1623425
Ca22chrRA_C_albicans_SC5314,1623641,1623708
Ca22chrRA_C_albicans_SC5314,1624255,1624273
Ca22chrRA_C_albicans_SC5314,1624772,1625143
Ca22chrRA_C_albicans_SC5314,1625331,1625412
Ca22chrRA_C_albicans_SC5314,1625655,1626460
Ca22chrRA_C_albicans_SC5314,1639431,1639808
Ca22chrRA_C_albicans_SC5314,1640024,1640263
Ca22chrRA_C_albicans_SC5314,1640451,1641736
Ca22chrRA_C_albicans_SC5314,1647835,1648270
Ca22chrRA_C_albicans_SC5314,1711856,1711989
Ca22chrRA_C_albicans_SC5314,1884200,1884399
Ca22chrRA_C_albicans_SC5314,1884544,1884635
Ca22chrRA_C_albicans_SC5314,1897312,1897582
Ca22chrRA_C_albicans_SC5314,1924179,1924371
Ca22chrRA_C_albicans_SC5314,1968276,1968535
Ca22chrRA_C_albicans_SC5314,1971087,1971375
Ca22chrRA_C_albicans_SC5314,2182266,2182526
Ca22chrRA_C_albicans_SC5314,2243634,2243682
Ca22chrRA_C_albicans_SC5314,2286026,2286122
